Player,playerID,pos,GP,minutes,fgMade,fgAttempted,fgPct,threeMade,threeAttempted,threePct,efgPct,ftMade,ftAttempted,ftPct,oRebounds,dRebounds,rebounds,assists,steals,blocks,turnovers,PF,points,allNBA,MVP,DPY
Quincy Acy,acyqu01,F,59,14.8,2,3.6,0.556,0.3,0.8,0.388,0.6,0.8,1.2,0.735,1.1,2.1,3.2,0.5,0.5,0.4,0.5,1.7,5.2,0,0,0
Jordan Adams,adamsjo01,G,2,7.5,1,3,0.333,0,0.5,0,0.333,1.5,2.5,0.6,0,1,1,1.5,1.5,0,1,1,3.5,0,0,0
Steven Adams,adamsst01,C,80,25.2,3.3,5.3,0.613,0,0,,0.613,1.4,2.5,0.582,2.7,3.9,6.7,0.8,0.5,1.1,1.1,2.8,8,0,0,0
Arron Afflalo,afflaar01,G,71,33.4,5,11.3,0.443,1.3,3.4,0.382,0.5,1.5,1.8,0.84,0.3,3.4,3.7,2,0.4,0.1,1.2,2,12.8,0,0,0
Alexis Ajinca,ajincal01,C,59,14.6,2.5,5.3,0.476,0,0,0,0.476,0.9,1.1,0.839,1.3,3.3,4.6,0.5,0.3,0.6,0.9,2.3,6,0,0,0
Cole Aldrich,aldrico01,C,60,13.3,2.2,3.8,0.596,0,0,,0.596,1,1.4,0.714,1.4,3.4,4.8,0.8,0.8,1.1,1.1,2.3,5.5,0,0,0
LaMarcus Aldridge,aldrila01,F,74,30.6,7.2,14.1,0.513,0,0.2,0,0.513,3.5,4.1,0.858,2.4,6.2,8.5,1.5,0.5,1.1,1.3,2,18,1,0,0
Cliff Alexander,alexacl01,F,8,4.5,0.6,1.3,0.5,0,0,,0.5,0,0,,0.3,0.5,0.8,0,0.1,0.3,0.1,0.1,1.3,0,0,0
Lavoy Allen,allenla01,F,79,20.2,2.4,4.7,0.516,0,0,,0.516,0.6,0.9,0.63,2.1,3.3,5.4,1,0.3,0.5,0.9,1.9,5.4,0,0,0
Tony Allen,allento01,G,64,25.3,3.4,7.3,0.458,0.2,0.7,0.357,0.474,1.4,2.2,0.652,1.6,3,4.6,1.1,1.7,0.3,1.2,2.7,8.4,0,0,0
Al-Farouq Aminu,aminual01,F,82,28.5,3.6,8.8,0.416,1.5,4.3,0.361,0.503,1.4,1.9,0.737,1.2,4.9,6.1,1.7,0.9,0.6,1.5,2.1,10.2,0,0,0
Lou Amundson,amundlo01,F,29,7,0.7,1.8,0.358,0,0,,0.358,0.5,0.9,0.519,0.8,0.9,1.7,0.4,0.2,0.2,0.5,1.5,1.8,0,0,0
Chris Andersen,anderch01,C,27,14.9,1.4,2.7,0.528,0.1,0.5,0.286,0.556,0.9,1.3,0.694,1.3,2.3,3.6,0.4,0.6,0.5,0.3,1.1,3.9,0,0,0
Alan Anderson,anderal01,G,13,14.8,1.6,4.5,0.356,0.9,2.8,0.324,0.458,0.8,1.2,0.733,0.1,2,2.1,1.1,0.3,0.1,0.2,1.9,5,0,0,0
James Anderson,anderja01,G,51,14.1,1.3,3.5,0.376,0.5,1.7,0.267,0.441,0.4,0.6,0.759,0.3,1.4,1.7,0.8,0.4,0.3,0.8,1.1,3.5,0,0,0
Justin Anderson,anderju01,F,55,11.8,1.3,3.2,0.406,0.4,1.5,0.265,0.469,0.8,1,0.8,0.3,2.1,2.4,0.5,0.3,0.5,0.4,0.8,3.8,0,0,0
Kyle Anderson,anderky01,F,78,16,1.8,3.8,0.468,0.2,0.5,0.324,0.488,0.8,1.1,0.747,0.3,2.8,3.1,1.6,0.8,0.4,0.8,1.2,4.5,0,0,0
Ryan Anderson,anderry01,F,66,30.4,6,14.1,0.427,2,5.4,0.366,0.498,3,3.5,0.873,2,4,6,1.1,0.6,0.4,1.4,1.7,17,0,0,0
Giannis Antetokounmpo,antetgi01,G,80,35.3,6.4,12.7,0.506,0.4,1.4,0.257,0.52,3.7,5.1,0.724,1.4,6.2,7.7,4.3,1.2,1.4,2.6,3.2,16.9,0,0,0
Thanasis Antetokounmpo,antetth01,F,2,3,1.5,2,0.75,0,0.5,0,0.75,0,0,,0,0.5,0.5,0,0,0,0,1,3,0,0,0
Carmelo Anthony,anthoca01,F,72,35.1,7.9,18.2,0.434,1.5,4.3,0.339,0.474,4.6,5.6,0.829,1.4,6.4,7.7,4.2,0.9,0.5,2.4,2.5,21.8,0,0,0
Joel Anthony,anthojo01,C,19,5.1,0.3,0.5,0.6,0,0,,0.6,0.3,0.4,0.75,0.4,0.7,1.1,0.1,0.1,0.6,0.1,0.8,0.9,0,0,0
Keith Appling,applike01,G,5,5.4,0.4,1.6,0.25,0,0.6,0,0.25,0.4,0.4,1,0,0.2,0.2,0.2,0.2,0,0.6,1,1.2,0,0,0
Trevor Ariza,arizatr01,F,81,35.3,4.4,10.6,0.416,2.3,6.2,0.371,0.523,1.6,2,0.783,0.8,3.7,4.5,2.3,2,0.3,1.4,2.2,12.7,0,0,0
Darrell Arthur,arthuda01,F,70,21.7,3.2,7,0.452,0.6,1.7,0.385,0.498,0.6,0.8,0.755,1.2,3,4.2,1.4,0.8,0.7,0.9,2.6,7.5,0,0,0
Omer Asik,asikom01,C,68,17.3,1.5,2.9,0.533,0,0,,0.533,0.9,1.6,0.545,1.8,4.3,6.1,0.4,0.3,0.3,0.9,1.8,4,0,0,0
D.J. Augustin,augusdj01,G,62,19,2.4,5.6,0.423,1.1,2.7,0.405,0.52,1.7,2.1,0.805,0.1,1.4,1.5,3.2,0.6,0.1,1.4,1.4,7.5,0,0,0
Jeff Ayres,pendeje02,C,17,6.3,0.7,1.4,0.522,0,0.1,0,0.522,0.4,0.4,1,0.2,1.1,1.3,0.3,0,0.2,0.4,1.1,1.8,0,0,0
Luke Babbitt,babbilu01,F,47,18,2.6,6.1,0.422,0.9,2.3,0.404,0.498,0.8,1.1,0.78,0.5,2.6,3.1,1.1,0.2,0.1,0.5,1.9,7,0,0,0
Cameron Bairstow,bairsca01,C,18,5.7,0.7,2.2,0.325,0.1,0.3,0.2,0.338,0.4,0.4,0.875,0.2,1.3,1.6,0.3,0.1,0.2,0.2,1.1,1.9,0,0,0
Leandro Barbosa,barbole01,G,68,15.9,2.5,5.4,0.462,0.6,1.6,0.355,0.515,0.8,0.9,0.839,0.4,1.3,1.7,1.2,0.6,0.1,0.8,1.6,6.4,0,0,0
J.J. Barea,bareajo01,G,74,22.5,4.3,9.6,0.446,1.4,3.5,0.385,0.516,1,1.3,0.771,0.4,1.7,2.1,4.1,0.4,0,1.5,1.5,10.9,0,0,0
Andrea Bargnani,bargnan01,C,46,13.8,2.8,6.1,0.455,0.1,0.3,0.188,0.461,1,1.2,0.825,0.6,1.5,2.1,0.4,0.1,0.2,0.6,1.3,6.6,0,0,0
Harrison Barnes,barneha02,F,66,30.9,4.5,9.6,0.466,1.2,3.2,0.383,0.531,1.5,2,0.761,1.2,3.8,4.9,1.8,0.6,0.2,0.9,2.1,11.7,0,0,0
Matt Barnes,barnema02,F,76,28.8,3.5,9.1,0.381,1.6,4.9,0.322,0.467,1.5,1.8,0.804,1.1,4.4,5.5,2.1,1,0.8,1.6,3.1,10,0,0,0
Will Barton,bartowi01,G,82,28.7,5.2,12,0.432,1.4,4,0.345,0.489,2.6,3.3,0.806,0.7,5.1,5.8,2.5,0.9,0.5,1.7,1.8,14.4,0,0,0
Brandon Bass,bassbr01,F,66,20.3,2.6,4.8,0.549,0,0,0,0.549,1.9,2.2,0.845,1.6,2.7,4.3,1.1,0.5,0.8,0.6,1.9,7.2,0,0,0
Nicolas Batum,batumni01,F,70,35,5.3,12.5,0.426,2,5.7,0.348,0.506,2.3,2.7,0.849,0.8,5.3,6.1,5.8,0.9,0.6,2.9,1.6,14.9,0,0,0
Jerryd Bayless,bayleje01,G,52,28.9,3.6,8.4,0.423,1.9,4.4,0.437,0.539,1.3,1.7,0.778,0.4,2.3,2.7,3.1,0.9,0.2,1.4,2.1,10.4,0,0,0
Aron Baynes,baynear01,C,81,15.2,2.4,4.7,0.505,0,0,0,0.505,1.6,2,0.764,1.7,3,4.7,0.6,0.3,0.6,0.8,1.9,6.3,0,0,0
Kent Bazemore,bazemke01,F,75,27.8,4.3,9.7,0.441,1.5,4.1,0.357,0.517,1.6,2,0.815,0.4,4.7,5.1,2.3,1.3,0.5,1.8,2.3,11.6,0,0,0
Bradley Beal,bealbr01,G,55,31.1,6.5,14.5,0.449,1.9,4.9,0.387,0.515,2.5,3.2,0.767,0.7,2.7,3.4,2.9,1,0.2,2,2.1,17.4,0,0,0
Michael Beasley,beaslmi01,F,20,18.2,5.4,10.3,0.522,0.2,0.5,0.333,0.529,1.9,2.5,0.776,1.5,3.5,4.9,0.8,0.6,0.5,1.2,2,12.8,0,0,0
Marco Belinelli,belinma01,G,68,24.6,3.6,9.3,0.386,1.3,4.4,0.306,0.457,1.7,2,0.833,0.1,1.6,1.7,1.9,0.5,0,1.2,1.3,10.2,0,0,0
Anthony Bennett,bennean01,F,19,4.4,0.4,1.4,0.296,0.2,0.7,0.214,0.352,0.5,0.5,0.9,0.3,0.9,1.2,0,0.3,0,0.2,0.4,1.5,0,0,0
Patrick Beverley,beverpa01,G,71,28.7,3.6,8.4,0.434,1.7,4.4,0.4,0.539,0.8,1.2,0.682,1,2.5,3.5,3.4,1.3,0.4,1.3,3.3,9.9,0,0,0
Bismack Biyombo,biyombi01,C,82,22,1.9,3.5,0.542,0,0,0,0.542,1.7,2.8,0.628,2.2,5.8,8,0.4,0.2,1.6,0.9,2.7,5.5,0,0,0
Nemanja Bjelica,bjeline01,F,60,17.9,1.8,3.9,0.468,0.8,2.1,0.384,0.57,0.7,0.9,0.727,0.8,2.7,3.5,1.4,0.4,0.4,0.8,2.6,5.1,0,0,0
Tarik Black,blackta01,C,39,12.7,1.5,2.7,0.548,0,0,,0.548,0.5,1.2,0.422,1.1,2.9,4,0.4,0.4,0.5,0.6,2,3.4,0,0,0
DeJuan Blair,blairde01,C,29,7.5,1,2.3,0.412,0,0,0,0.412,0.2,0.4,0.385,0.7,1.3,2,0.4,0.3,0.1,0.5,1.8,2.1,0,0,0
Steve Blake,blakest01,G,58,17,1.6,4.1,0.388,0.9,2.6,0.344,0.496,0.3,0.3,0.8,0.2,1.4,1.5,3.4,0.4,0.1,1.4,1.2,4.4,0,0,0
Eric Bledsoe,bledser01,G,31,34.2,7.2,15.9,0.453,1.5,4.2,0.372,0.502,4.5,5.5,0.802,0.6,3.5,4,6.1,2,0.6,3.5,2.4,20.4,0,0,0
Bojan Bogdanovic,bogdabo02,F,79,26.8,4.1,9.5,0.433,1.6,4.3,0.382,0.519,1.4,1.7,0.833,0.5,2.8,3.2,1.3,0.4,0.1,1.5,1.5,11.2,0,0,0
Andrew Bogut,bogutan01,C,70,20.7,2.5,4,0.627,0,0,1,0.629,0.3,0.7,0.48,1.7,5.3,7,2.3,0.5,1.6,1.2,3.2,5.4,0,0,0
Matt Bonner,bonnema01,C,30,6.9,1,1.9,0.509,0.5,1.1,0.441,0.64,0.1,0.1,0.75,0.1,0.8,0.9,0.3,0.2,0,0.1,0.5,2.5,0,0,0
Devin Booker,bookede01,G,76,27.7,4.8,11.4,0.423,1.3,3.8,0.343,0.48,2.8,3.4,0.84,0.4,2.1,2.5,2.6,0.6,0.3,2.1,3,13.8,0,0,0
Trevor Booker,booketr01,F,79,20.7,2.4,4.9,0.49,0.2,0.5,0.293,0.505,0.9,1.3,0.67,2.1,3.6,5.7,1.1,0.7,0.5,1,2.1,5.9,0,0,0
Chris Bosh,boshch01,F,53,33.5,6.8,14.5,0.467,1.5,4.2,0.365,0.52,4,5.1,0.795,0.9,6.5,7.4,2.4,0.7,0.6,1.5,1.9,19.1,0,0,0
Avery Bradley,bradlav01,G,76,33.4,6,13.4,0.447,1.9,5.4,0.361,0.52,1.3,1.6,0.78,0.6,2.3,2.9,2.1,1.5,0.3,1.4,2.2,15.2,0,0,0
Elton Brand,brandel01,C,17,13.2,1.8,4.2,0.431,0,0.1,0,0.431,0.5,0.5,0.889,0.5,3.2,3.7,1.1,0.5,0.5,0.6,1.9,4.1,0,0,0
Corey Brewer,breweco01,F,82,20.4,2.6,6.7,0.384,0.7,2.7,0.272,0.439,1.3,1.7,0.75,0.5,1.9,2.4,1.3,1,0.2,1,2,7.2,0,0,0
Aaron Brooks,brookaa01,G,69,16.1,2.7,6.8,0.401,1,2.7,0.357,0.471,0.7,0.9,0.766,0.3,1.2,1.5,2.6,0.4,0.1,1.2,1.9,7.1,0,0,0
Anthony Brown,brownan02,F,29,20.7,1.3,4.3,0.31,0.7,2.4,0.286,0.389,0.6,0.7,0.85,0.3,2.1,2.4,0.7,0.5,0.2,0.5,1.2,4,0,0,0
Lorenzo Brown,brownlo01,G,8,7.6,1,3.1,0.32,0.1,1,0.125,0.34,0.4,0.5,0.75,0,0.9,0.9,1.4,0.4,0.1,1.1,0.5,2.5,0,0,0
Markel Brown,brownma02,G,62,15.8,2,5.2,0.394,0.6,2,0.314,0.453,1.1,1.5,0.755,0.4,1.6,2,1.5,0.6,0.2,0.9,1.5,5.9,0,0,0
Kobe Bryant,bryanko01,F,66,28.2,6,16.9,0.358,2,7.1,0.285,0.417,3.5,4.3,0.826,0.6,3.1,3.7,2.8,0.9,0.2,2,1.7,17.6,0,0,0
Chase Budinger,budinch01,F,66,14.1,1.6,3.6,0.435,0.4,1.3,0.279,0.485,0.6,0.8,0.696,0.7,1.6,2.3,1,0.5,0.2,0.7,0.9,4.1,0,0,0
Reggie Bullock,bullore01,F,37,11.6,1.2,2.6,0.439,0.6,1.4,0.415,0.551,0.4,0.4,0.933,0.4,1.5,1.8,0.7,0.3,0.1,0.2,0.8,3.3,0,0,0
Trey Burke,burketr01,G,64,21.3,4.1,9.9,0.413,1.4,4,0.344,0.483,1,1.3,0.817,0.3,1.5,1.8,2.3,0.5,0.1,1.3,1.3,10.6,0,0,0
Alec Burks,burksal01,G,31,25.7,4.4,10.8,0.41,1,2.5,0.405,0.458,3.4,4.5,0.752,0.5,3,3.5,2,0.6,0.1,1.6,2.3,13.3,0,0,0
Caron Butler,butleca01,F,17,10.4,1.5,3.5,0.424,0.2,1.1,0.167,0.449,0.6,0.7,0.833,0.3,1,1.3,0.6,0.5,0.1,0.2,1.1,3.7,0,0,0
Jimmy Butler,butleji01,G,67,36.9,7,15.4,0.454,1,3.1,0.312,0.485,5.9,7.1,0.832,1.2,4.2,5.3,4.8,1.6,0.6,2,1.9,20.9,0,0,0
Rasual Butler,butlera01,F,46,9.4,1.1,2.3,0.471,0.3,1.1,0.306,0.543,0.2,0.3,0.688,0.1,1.2,1.2,0.5,0.3,0.5,0.2,0.2,2.7,0,0,0
Bruno Caboclo,cabocbr01,F,6,7.2,0.2,2,0.083,0.2,1.2,0.143,0.125,0,0,,0.2,0.2,0.3,0.2,0.3,0.2,0.7,0.3,0.5,0,0,0
Jose Calderon,caldejo01,G,72,28.1,2.9,6.3,0.459,1.2,2.8,0.414,0.552,0.6,0.7,0.875,0.3,2.9,3.2,4.1,0.9,0.1,1.2,1.9,7.6,0,0,0
Kentavious Caldwell-Pope,caldwke01,G,76,36.7,5.3,12.6,0.42,1.5,4.9,0.309,0.479,2.4,3,0.811,0.9,2.8,3.7,1.8,1.4,0.2,1.4,2.2,14.5,0,0,0
Isaiah Canaan,canaais01,G,77,25.5,3.4,9.4,0.36,2.3,6.3,0.363,0.482,1.9,2.3,0.833,0.3,2,2.3,1.8,0.7,0.2,1.2,1.7,11,0,0,0
Clint Capela,capelca01,C,77,19.1,3,5.2,0.582,0,0,0,0.582,1,2.7,0.379,2.5,3.9,6.4,0.6,0.8,1.2,0.8,2.5,7,0,0,0
DeMarre Carroll,carrode01,F,26,30.2,4,10.4,0.389,1.8,4.5,0.39,0.474,1.2,1.9,0.6,1.2,3.5,4.7,1,1.7,0.2,1.1,2.4,11,0,0,0
Vince Carter,cartevi01,G,60,16.8,2.2,5.7,0.388,1,2.8,0.349,0.474,1.2,1.4,0.833,0.5,1.9,2.4,0.9,0.6,0.3,0.6,1.7,6.6,0,0,0
Michael Carter-Williams,cartemi01,G,54,30.5,4.6,10.3,0.452,0.3,1,0.273,0.466,2,3,0.654,0.9,4.2,5.1,5.2,1.5,0.8,2.8,3,11.5,0,0,0
Omri Casspi,casspom01,F,69,27.2,4.3,9,0.481,1.6,4,0.409,0.571,1.5,2.3,0.648,0.8,5.1,5.9,1.4,0.8,0.2,1.4,2.2,11.8,0,0,0
Willie Cauley-Stein,caulewi01,C,66,21.4,2.9,5.1,0.563,0,0,0,0.563,1.2,1.9,0.648,2,3.3,5.3,0.6,0.7,1,0.7,2.2,7,0,0,0
Mario Chalmers,chalmma01,G,61,22.5,3,7.3,0.41,0.8,2.4,0.309,0.462,3.6,4.3,0.832,0.4,2.2,2.6,3.8,1.4,0.2,1.8,3,10.3,0,0,0
Tyson Chandler,chandty01,C,66,24.5,2.8,4.8,0.583,0,0,0,0.583,1.6,2.6,0.62,2.7,6.1,8.7,1,0.5,0.7,1.4,2.2,7.2,0,0,0
Rakeem Christmas,chrisra01,F,1,6,2,2,1,0,0,,1,0,0,,1,0,1,0,0,0,0,1,4,0,0,0
Ian Clark,clarkia01,G,66,8.8,1.3,3.1,0.441,0.5,1.3,0.357,0.515,0.4,0.5,0.824,0.2,0.8,1,1,0.3,0.2,0.7,0.9,3.6,0,0,0
Coty Clarke,clarkco01,F,3,2,0.7,1.3,0.5,0.7,0.7,1,0.75,0,0,,0,0.3,0.3,0,0,0,0.3,0,2,0,0,0
Jordan Clarkson,clarkjo01,G,79,32.3,6,13.9,0.433,1.4,4.1,0.347,0.483,2.1,2.6,0.804,1.2,2.8,4,2.4,1.1,0.1,1.7,2.1,15.5,0,0,0
Norris Cole,coleno01,G,45,26.6,4.4,10.8,0.405,0.7,2.3,0.324,0.439,1.2,1.4,0.8,0.2,3.1,3.4,3.7,0.8,0.1,1.7,2.3,10.6,0,0,0
Darren Collison,collida01,G,74,30,5.1,10.5,0.486,1.2,2.9,0.401,0.542,2.6,3.1,0.858,0.4,1.9,2.3,4.3,1,0.1,1.8,1.9,14,0,0,0
Nick Collison,collini01,F,59,11.8,0.8,1.8,0.459,0,0,0,0.459,0.4,0.6,0.697,1.2,1.7,2.9,0.9,0.3,0.3,0.8,1.8,2.1,0,0,0
Mike Conley,conlemi01,G,56,31.4,5.3,12.4,0.422,1.4,3.8,0.363,0.478,3.4,4.1,0.834,0.5,2.5,2.9,6.1,1.2,0.3,1.5,1.8,15.3,0,0,0
Pat Connaughton,connapa01,G,34,4.2,0.4,1.4,0.265,0.1,0.6,0.238,0.316,0.1,0.1,1,0.3,0.6,0.9,0.3,0.1,0,0.3,0.2,1.1,0,0,0
Chris Copeland,copelch01,F,24,6.5,0.7,2.1,0.333,0.4,1.5,0.278,0.431,0.3,0.3,0.857,0,0.4,0.4,0.5,0.1,0,0.3,0.7,2.1,0,0,0
Bryce Cotton,cottobr01,G,8,4.9,0.5,1.3,0.4,0,0.4,0,0.4,0,0,,0,0,0,0.4,0.4,0,0.6,0.3,1,0,0,0
DeMarcus Cousins,couside01,C,65,34.6,9.2,20.5,0.451,1.1,3.2,0.333,0.477,7.3,10.2,0.718,2.4,9.1,11.5,3.3,1.6,1.4,3.8,3.6,26.9,1,0,0
Robert Covington,covinro01,F,67,28.4,4.1,10.6,0.385,2.5,7.2,0.353,0.504,2.1,2.6,0.791,1,5.3,6.3,1.4,1.6,0.6,2.1,3.5,12.8,0,0,0
Allen Crabbe,crabbal01,G,81,26,3.8,8.4,0.459,1.4,3.5,0.393,0.541,1.2,1.4,0.867,0.3,2.3,2.7,1.2,0.8,0.2,0.8,2.4,10.3,0,0,0
Jamal Crawford,crawfja01,G,79,26.9,4.8,11.9,0.404,1.5,4.4,0.34,0.466,3.1,3.4,0.904,0.3,1.6,1.8,2.3,0.7,0.2,1.4,1.5,14.2,0,0,0
Jae Crowder,crowdja01,F,73,31.6,4.9,11.1,0.443,1.7,5,0.336,0.518,2.7,3.3,0.82,1,4.2,5.1,1.8,1.7,0.5,1.1,2.7,14.2,0,0,0
Dante Cunningham,cunnida01,F,80,24.6,2.3,5.2,0.451,0.7,2.2,0.316,0.518,0.7,1,0.695,0.7,2.2,3,1,0.5,0.4,0.5,2.2,6.1,0,0,0
Jared Cunningham,cunnija01,G,44,9.3,0.8,2.4,0.343,0.3,0.9,0.308,0.4,0.8,1.3,0.655,0.1,0.8,0.9,0.5,0.3,0,0.5,0.9,2.7,0,0,0
Seth Curry,curryse01,G,44,15.7,2.3,5.1,0.455,1.1,2.5,0.45,0.567,1,1.2,0.833,0.2,1.2,1.4,1.5,0.5,0.1,0.8,0.9,6.8,0,0,0
Stephen Curry,curryst01,G,79,34.2,10.2,20.2,0.504,5.1,11.2,0.454,0.63,4.6,5.1,0.908,0.9,4.6,5.4,6.7,2.1,0.2,3.3,2,30.1,1,1,0
Troy Daniels,danietr01,G,43,11.1,2.1,4.3,0.476,1.4,2.8,0.484,0.634,0.1,0.2,0.556,0.2,1.2,1.3,0.5,0.3,0.1,0.6,0.9,5.6,0,0,0
Anthony Davis,davisan02,C,61,35.5,9.2,18.6,0.493,0.6,1.8,0.324,0.508,5.3,7,0.758,2.1,8.1,10.3,1.9,1.3,2,2,2.4,24.3,0,0,0
Ed Davis,davised01,F,81,20.8,2.5,4.2,0.611,0,0,,0.611,1.4,2.5,0.559,2.8,4.6,7.4,1.1,0.7,0.9,0.8,2.5,6.5,0,0,0
Branden Dawson,dawsobr01,F,6,4.8,0.3,0.8,0.4,0,0,,0.4,0.2,0.2,1,0.3,0.3,0.7,0,0,0.2,0,0.3,0.8,0,0,0
Dewayne Dedmon,dedmode01,C,58,12.2,1.7,3.1,0.559,0,0,,0.559,1,1.3,0.75,1.2,2.8,3.9,0.2,0.4,0.8,0.6,1.9,4.4,0,0,0
Bryce Dejean-Jones,dejeabr01,G,14,19.9,2,4.9,0.406,0.9,2.3,0.375,0.493,0.8,1.5,0.524,0.6,2.9,3.4,1.1,0.7,0.1,0.8,1.2,5.6,0,0,0
Sam Dekker,dekkesa01,F,3,2,0,0,,0,0,,,0,0,,0,0.3,0.3,0,0.3,0,0,0,0,0,0,0
Matthew Dellavedova,dellama01,G,76,24.6,2.7,6.7,0.405,1.3,3.1,0.41,0.501,0.8,0.9,0.864,0.4,1.7,2.1,4.4,0.6,0.1,1.5,2.3,7.5,0,0,0
Luol Deng,denglu01,F,74,32.4,4.6,10.1,0.455,1.2,3.5,0.344,0.514,2,2.6,0.755,1.5,4.5,6,1.9,1,0.4,1.1,1.6,12.3,0,0,0
DeMar DeRozan,derozde01,G,78,35.9,7.9,17.7,0.446,0.6,1.8,0.338,0.463,7.1,8.4,0.85,0.8,3.7,4.5,4,1,0.3,2.2,2.1,23.5,0,0,0
Boris Diaw,diawbo01,F,76,18.2,2.7,5,0.527,0.3,0.9,0.362,0.56,0.7,1,0.737,0.8,2.3,3.1,2.3,0.3,0.3,1.3,1.3,6.4,0,0,0
Gorgui Dieng,dienggo01,C,82,27.1,3.8,7.1,0.532,0.1,0.2,0.3,0.537,2.5,3,0.827,1.9,5.2,7.1,1.7,1.1,1.2,1.7,2.7,10.1,0,0,0
Spencer Dinwiddie,dinwisp01,G,12,13.3,1.6,4.5,0.352,0.1,0.8,0.1,0.361,1.6,2.8,0.576,0.3,1.1,1.4,1.8,0.3,0,0.6,1.7,4.8,0,0,0
Toney Douglas,douglto01,G,61,20.7,3,7.3,0.411,1.3,3.3,0.399,0.502,1.4,1.6,0.848,0.4,1.9,2.3,2.6,1.1,0.1,1,2.1,8.7,0,0,0
Goran Dragic,dragigo01,G,72,32.8,5.8,12.2,0.477,0.9,2.8,0.312,0.513,1.7,2.3,0.727,0.8,3.1,3.8,5.8,1,0.2,2.6,2.6,14.1,0,0,0
Andre Drummond,drumman01,C,81,32.9,6.8,13.1,0.521,0,0.1,0.333,0.522,2.6,7.2,0.355,4.9,9.9,14.8,0.8,1.5,1.4,1.9,3,16.2,1,0,0
Jared Dudley,dudleja01,F,81,25.9,2.9,6,0.478,1.2,2.9,0.42,0.581,0.9,1.2,0.735,0.7,2.9,3.5,2.1,0.9,0.2,1,2.3,7.9,0,0,0
Duje Dukan,dukandu01,F,1,24,2,10,0.2,2,5,0.4,0.3,0,0,,2,2,4,1,1,0,0,2,6,0,0,0
Tim Duncan,duncati01,C,61,25.2,3.5,7.2,0.488,0,0,0,0.488,1.5,2.1,0.702,1.9,5.4,7.3,2.7,0.8,1.3,1.5,2,8.6,0,0,0
Mike Dunleavy,dunlemi02,F,31,22.7,2.5,6.1,0.41,1.3,3.2,0.394,0.513,0.9,1.2,0.784,0.3,2.4,2.7,1.3,0.5,0.3,0.8,2.1,7.2,0,0,0
Kevin Durant,duranke01,F,72,35.8,9.7,19.2,0.505,2.6,6.7,0.387,0.573,6.2,6.9,0.898,0.6,7.6,8.2,5,1,1.2,3.5,1.9,28.2,1,0,0
Cleanthony Early,earlycl01,F,17,9.1,0.7,2.4,0.3,0.2,0.9,0.267,0.35,0.2,0.2,0.75,0.2,1.3,1.5,0.4,0.1,0.2,0.5,0.9,1.8,0,0,0
Jarell Eddie,eddieja01,F,26,5.7,0.8,2.5,0.308,0.6,1.8,0.319,0.423,0.3,0.3,1,0.1,0.8,0.9,0.2,0.2,0,0,0.2,2.4,0,0,0
Wayne Ellington,ellinwa01,G,76,21.3,2.9,7.4,0.389,1.3,3.5,0.358,0.474,0.7,0.8,0.857,0.3,2,2.3,1.1,0.6,0.1,0.6,1.1,7.7,0,0,0
Monta Ellis,ellismo01,G,81,33.8,5.4,12.6,0.427,1.1,3.5,0.309,0.47,2,2.5,0.786,0.5,2.8,3.3,4.7,1.9,0.5,2.5,2.1,13.8,0,0,0
James Ennis,ennisja01,F,22,15,2.5,5.1,0.478,1.2,2.6,0.448,0.593,1.1,1.5,0.735,1,1,1.9,1,0.7,0.2,0.9,1.3,7.2,0,0,0
Tyler Ennis,ennisty01,G,46,14.2,1.8,4.1,0.449,0.3,0.8,0.333,0.484,0.5,0.7,0.735,0.3,1.3,1.6,2.1,0.5,0,1,1.4,4.5,0,0,0
Jeremy Evans,evansje01,F,30,8.4,0.9,1.6,0.542,0.1,0.5,0.25,0.583,0.5,0.7,0.714,0.4,1.4,1.8,0.1,0.2,0.3,0.2,0.6,2.4,0,0,0
Tyreke Evans,evansty01,G,25,30.6,5.4,12.6,0.433,1.3,3.4,0.388,0.486,3,3.7,0.796,0.8,4.4,5.2,6.6,1.3,0.3,2.9,2.6,15.2,0,0,0
Festus Ezeli,ezelife01,C,46,16.7,2.7,5,0.548,0,0,,0.548,1.5,2.9,0.53,2,3.6,5.6,0.7,0.4,1.1,0.8,2,7,0,0,0
Kenneth Faried,farieke01,F,67,25.3,5.2,9.3,0.558,0,0,0.5,0.558,2,3.3,0.613,3.5,5.2,8.7,1.2,0.5,0.9,1.4,2.5,12.5,0,0,0
Jordan Farmar,farmajo01,G,12,24.3,3.5,8.3,0.42,1.3,3.8,0.356,0.5,0.8,0.8,1,0.3,1.8,2.1,3.1,1.3,0.2,1.5,1.8,9.2,0,0,0
Derrick Favors,favorde01,F,62,32,6.7,13.1,0.515,0,0.1,0,0.515,2.9,4.1,0.709,2.7,5.4,8.1,1.5,1.2,1.5,1.7,2.4,16.4,0,0,0
Cristiano Felicio,feliccr01,C,31,10.4,1.3,2.3,0.556,0,0.1,0,0.556,0.8,1.1,0.714,1,2.3,3.3,0.8,0.2,0.4,0.4,1,3.4,0,0,0
Raymond Felton,feltora01,G,80,27.4,3.5,8.5,0.406,0.8,2.7,0.282,0.45,1.9,2.2,0.847,0.5,2.8,3.2,3.6,0.9,0.2,1.5,1.8,9.5,0,0,0
Evan Fournier,fournev01,F,79,32.5,5.4,11.8,0.462,2,4.9,0.4,0.546,2.5,3,0.836,0.4,2.4,2.8,2.7,1.2,0,1.7,2.7,15.4,0,0,0
Randy Foye,foyera01,G,81,20.3,2.1,6,0.351,0.9,3.1,0.3,0.428,0.8,0.9,0.824,0.3,1.6,1.9,2,0.5,0.4,1.1,1.6,5.9,0,0,0
Tim Frazier,fraziti01,G,51,14.5,1.9,4.5,0.419,0.3,0.9,0.333,0.454,1,1.5,0.716,0.5,1.6,2.2,3.2,0.6,0,1.3,1.4,5.1,0,0,0
Jimmer Fredette,fredeji01,G,6,3,0.3,0.8,0.4,0.2,0.3,0.5,0.5,0.7,0.8,0.8,0,0,0,0.2,0.2,0,0.3,0.3,1.5,0,0,0
Channing Frye,fryech01,C,70,17.1,2.2,5,0.438,1.3,3.4,0.387,0.569,0.4,0.5,0.857,0.5,2.8,3.3,1,0.4,0.4,0.6,1.8,6.1,0,0,0
Danilo Gallinari,gallida01,F,53,34.7,5.4,13.2,0.41,1.6,4.5,0.364,0.472,7.1,8.2,0.868,1,4.3,5.3,2.5,0.8,0.4,1.5,1.6,19.5,0,0,0
Langston Galloway,gallola01,G,82,24.8,2.8,7.2,0.393,0.9,2.7,0.344,0.458,1,1.4,0.754,0.5,3,3.5,2.5,0.9,0.3,0.7,2.2,7.6,0,0,0
Kevin Garnett,garneke01,F,38,14.6,1.4,3,0.47,0,0,0,0.47,0.4,0.6,0.667,0.4,3.6,3.9,1.6,0.7,0.3,0.4,1.8,3.2,0,0,0
Marc Gasol,gasolma01,C,52,34.4,6.3,13.6,0.464,0,0.1,0.667,0.465,3.9,4.7,0.829,1.1,5.8,7,3.8,1,1.3,2.3,2.7,16.6,0,0,0
Pau Gasol,gasolpa01,C,72,31.8,6.5,13.8,0.469,0.3,1,0.348,0.481,3.2,4,0.792,2.2,8.9,11,4.1,0.6,2,2.3,2.1,16.5,0,0,0
Rudy Gay,gayru01,F,70,34,6.7,14.4,0.463,1.1,3.1,0.344,0.5,2.8,3.6,0.78,1.5,5,6.5,1.7,1.4,0.7,2,2.6,17.2,0,0,0
Alonzo Gee,geeal01,F,73,22.4,1.8,3.5,0.518,0.2,0.8,0.283,0.551,0.6,0.9,0.667,0.8,2.5,3.4,1,0.9,0.2,0.8,2.3,4.5,0,0,0
Paul George,georgpa01,F,81,34.8,7.5,17.9,0.418,2.6,7,0.371,0.49,5.6,6.5,0.86,1,6,7,4.1,1.9,0.4,3.3,2.8,23.1,1,0,0
Taj Gibson,gibsota01,F,73,26.5,3.6,6.8,0.526,0,0,0,0.526,1.4,2,0.692,2.8,4.1,6.9,1.5,0.6,1.1,1.1,2.5,8.6,0,0,0
Manu Ginobili,ginobma01,G,58,19.6,3.4,7.5,0.453,1.2,3.1,0.391,0.533,1.6,1.9,0.813,0.4,2.1,2.5,3.1,1.1,0.2,1.7,1.7,9.6,0,0,0
Rudy Gobert,goberru01,C,61,31.7,3.2,5.8,0.559,0,0,,0.559,2.6,4.6,0.569,3.4,7.5,11,1.5,0.7,2.2,1.9,2.7,9.1,0,0,0
Drew Gooden,goodedr01,F,30,10.2,1.1,3.4,0.32,0.2,1.4,0.171,0.354,0.3,0.5,0.643,0.9,1.9,2.8,0.4,0.3,0.4,0.4,1.3,2.7,0,0,0
Archie Goodwin,goodwar01,G,57,19.5,3.1,7.4,0.417,0.4,1.7,0.232,0.444,2.3,3.4,0.674,0.5,2,2.5,2.1,0.5,0.2,1.8,1.5,8.9,0,0,0
Aaron Gordon,gordoaa01,F,78,23.9,3.5,7.4,0.473,0.5,1.8,0.296,0.509,1.7,2.5,0.668,2,4.5,6.5,1.6,0.8,0.7,0.8,2,9.2,0,0,0
Eric Gordon,gordoer01,G,45,32.9,5.1,12.3,0.418,2.5,6.5,0.384,0.521,2.5,2.8,0.888,0.2,2,2.2,2.7,1,0.3,1.6,2.2,15.2,0,0,0
Marcin Gortat,gortama01,C,75,30.1,5.8,10.2,0.567,0,0,0,0.567,1.9,2.8,0.705,3,6.9,9.9,1.4,0.6,1.3,1.6,2.6,13.5,0,0,0
Andrew Goudelock,goudean01,G,8,6.3,1.1,2.5,0.45,0.1,1.1,0.111,0.475,0.4,0.5,0.75,0.1,0.1,0.3,0.5,0.8,0.3,0.9,0.5,2.8,0,0,0
Jerami Grant,grantje01,F,77,26.8,3.3,7.8,0.419,0.5,1.9,0.24,0.448,2.8,4.2,0.658,1.3,3.4,4.7,1.8,0.7,1.6,1.4,2.8,9.7,0,0,0
Jerian Grant,grantje02,G,76,16.6,2,5.1,0.394,0.3,1.3,0.22,0.422,1.3,1.6,0.78,0.3,1.6,1.9,2.3,0.7,0.1,1.1,1.3,5.6,0,0,0
Danny Green,greenda02,G,79,26.1,2.7,7.1,0.376,1.5,4.4,0.332,0.48,0.4,0.6,0.739,0.6,3.2,3.8,1.8,1,0.8,0.9,1.8,7.2,0,0,0
Draymond Green,greendr01,F,81,34.7,5,10.1,0.49,1.2,3.2,0.388,0.551,2.8,4.1,0.696,1.7,7.8,9.5,7.4,1.5,1.4,3.2,3,14,1,0,0
Erick Green,greener01,G,9,4.7,0.6,1.4,0.385,0.1,0.6,0.2,0.423,0.2,0.2,1,0.3,0.3,0.7,0.3,0.1,0,0,0.4,1.4,0,0,0
Gerald Green,greenge01,G,69,22.6,3.3,8.5,0.392,1.2,3.8,0.323,0.463,1,1.3,0.783,0.4,2,2.4,0.8,0.6,0.3,0.7,1.8,8.9,0,0,0
JaMychal Green,greenja01,F,78,18.5,2.9,6.3,0.465,0.2,0.6,0.333,0.48,1.3,1.8,0.752,1.8,3,4.8,0.9,0.6,0.4,1.1,2.4,7.4,0,0,0
Jeff Green,greenje02,F,80,28.2,4.4,10.3,0.43,0.8,2.7,0.315,0.47,2.1,2.8,0.745,0.9,3.2,4.2,1.7,0.7,0.5,1.2,2.1,11.7,0,0,0
Blake Griffin,griffbl01,F,35,33.4,8.6,17.2,0.499,0.2,0.5,0.333,0.504,4,5.5,0.727,1.5,6.9,8.4,4.9,0.8,0.5,2.4,2.7,21.4,0,0,0
Jorge Gutierrez,gutiejo01,G,12,5.3,0.5,0.9,0.545,0,0.2,0,0.545,0.8,0.9,0.909,0,0.6,0.6,1.4,0.3,0,0.5,0.3,1.8,0,0,0
P.J. Hairston,hairspj02,F,66,19.9,2.2,6.2,0.355,1.1,3.7,0.29,0.441,0.8,1,0.781,0.4,2.3,2.6,0.6,0.5,0.2,0.6,2.1,6.2,0,0,0
Jordan Hamilton,hamiljo02,F,11,27.6,4.5,10.5,0.422,1.2,4.1,0.289,0.478,1.3,1.9,0.667,1.1,4.5,5.6,2.3,0.7,0.3,1.5,2.2,11.4,0,0,0
Tyler Hansbrough,hansbty01,F,44,7.8,0.7,1.6,0.451,0,0.1,0.667,0.465,0.9,1.5,0.585,0.9,1.1,2,0.2,0.3,0.2,0.3,1.3,2.4,0,0,0
Tim Hardaway,hardati02,G,51,16.9,2.2,5.2,0.43,0.9,2.8,0.338,0.521,1,1.1,0.893,0.1,1.5,1.7,1,0.4,0.1,0.5,0.9,6.4,0,0,0
James Harden,hardeja01,G,82,38.1,8.7,19.7,0.439,2.9,8,0.359,0.512,8.8,10.2,0.86,0.8,5.3,6.1,7.5,1.7,0.6,4.6,2.8,29,0,0,0
Maurice Harkless,harklma01,F,78,18.7,2.5,5.3,0.474,0.5,1.8,0.279,0.522,0.9,1.4,0.622,1.3,2.3,3.6,0.9,0.6,0.4,0.8,1.6,6.4,0,0,0
Justin Harper,harpeju01,F,5,7,0.8,2,0.4,0.8,1.8,0.444,0.6,0.2,0.4,0.5,0,0.2,0.2,0,0.2,0,0.4,0.6,2.6,0,0,0
Montrezl Harrell,harremo01,F,39,9.7,1.5,2.3,0.644,0,0,0,0.644,0.6,1.2,0.522,0.6,1,1.7,0.4,0.3,0.3,0.4,1.2,3.6,0,0,0
Devin Harris,harride01,G,64,20,2.6,5.8,0.447,0.8,2.5,0.329,0.516,1.6,2.2,0.721,0.3,1.9,2.2,1.8,0.9,0.2,1,1.9,7.6,0,0,0
Gary Harris,harriga01,G,76,32.1,4.7,10.1,0.469,1.4,3.9,0.354,0.538,1.4,1.8,0.82,0.7,2.2,2.9,1.9,1.3,0.2,1.3,1.9,12.3,0,0,0
Joe Harris,harrijo01,G,5,3,0.2,0.8,0.25,0.2,0.8,0.25,0.375,0,0,,0,0.6,0.6,0.4,0,0,0.2,0.2,0.6,0,0,0
Tobias Harris,harrito02,F,76,33.1,5.5,11.7,0.469,1.1,3.1,0.335,0.514,2.7,3.2,0.831,1.3,5.4,6.7,2.2,0.9,0.5,1.4,2,14.7,0,0,0
Aaron Harrison,harriaa01,G,21,4.4,0.2,0.9,0.263,0.1,0.5,0.3,0.342,0.2,0.6,0.417,0.2,0.5,0.7,0.1,0.3,0,0.2,0.5,0.9,0,0,0
Udonis Haslem,hasleud01,F,37,7,0.6,1.6,0.377,0,0.2,0.111,0.385,0.3,0.4,0.75,0.3,1.8,2,0.4,0.1,0.1,0.1,0.7,1.6,0,0,0
Spencer Hawes,hawessp01,F,57,18.2,2.2,5.4,0.405,0.7,1.8,0.373,0.467,0.9,1.1,0.831,0.9,3.4,4.3,1.9,0.4,0.5,1,1.9,6,0,0,0
Chuck Hayes,hayesch01,C,2,12,0.5,1,0.5,0,0,,0.5,1,1,1,0,4,4,1,0,0,1.5,3,2,0,0,0
Gordon Hayward,haywago01,F,80,36.2,6.5,15,0.433,1.8,5.1,0.349,0.493,4.9,6,0.824,0.8,4.2,5,3.7,1.2,0.3,2.5,2.3,19.7,0,0,0
Gerald Henderson,hendege02,G,72,19.9,3.2,7.3,0.439,0.7,1.9,0.353,0.484,1.6,2,0.767,0.4,2.5,2.9,1,0.5,0.3,0.9,1.2,8.7,0,0,0
John Henson,hensojo01,C,57,16.8,2.9,5.1,0.564,0,0,0,0.564,1.2,2.1,0.59,1.5,2.4,3.9,0.9,0.3,1.9,1.1,2.3,7,0,0,0
Mario Hezonja,hezonma01,F,79,17.9,2.3,5.3,0.433,0.8,2.4,0.349,0.513,0.6,0.7,0.907,0.4,1.9,2.2,1.4,0.5,0.2,1.2,1.6,6.1,0,0,0
Roy Hibbert,hibbero01,C,81,23.2,2.2,5.1,0.443,0,0,0,0.443,1.4,1.8,0.807,1.6,3.3,4.9,1.2,0.4,1.4,0.9,3.1,5.9,0,0,0
J.J. Hickson,hicksjj01,C,35,12.5,2.3,4.4,0.516,0,0,0,0.516,1.3,2.9,0.447,1.1,2.7,3.8,0.7,0.4,0.4,0.7,1.3,5.9,0,0,0
Nene Hilario,hilarne01,F,57,19.2,3.7,6.7,0.544,0,0.1,0,0.544,1.9,3.2,0.578,0.9,3.6,4.5,1.7,0.9,0.5,1.3,2.7,9.2,0,0,0
George Hill,hillge01,G,74,34.1,4.4,10,0.441,1.7,4.2,0.408,0.528,1.5,2,0.76,0.8,3.2,4,3.5,1.1,0.2,1.4,2,12.1,0,0,0
Jordan Hill,hilljo01,C,73,20.7,3.8,7.5,0.506,0,0,0,0.506,1.2,1.7,0.712,2.1,4,6.2,1.2,0.5,0.5,1.3,2.1,8.8,0,0,0
Solomon Hill,hillso01,F,59,14.7,1.6,3.5,0.447,0.4,1.3,0.324,0.505,0.6,0.7,0.857,0.7,2.2,2.8,1,0.6,0.2,0.6,1.2,4.2,0,0,0
Darrun Hilliard,hillida01,G,38,10.1,1.4,3.4,0.397,0.5,1.3,0.38,0.469,0.8,1.1,0.725,0.1,1.1,1.2,0.7,0.2,0,0.5,0.7,4,0,0,0
Kirk Hinrich,hinriki01,G,46,13.7,1.1,2.8,0.38,0.5,1.3,0.387,0.473,0.3,0.3,0.938,0.2,1.3,1.5,1.6,0.3,0,0.7,1.4,3,0,0,0
Jrue Holiday,holidjr01,G,65,28.2,6.3,14.4,0.439,1.3,4,0.336,0.485,2.8,3.3,0.843,0.4,2.6,3,6,1.4,0.3,2.6,2.3,16.8,0,0,0
Justin Holiday,holidju01,G,53,14.6,1.7,4.3,0.386,0.7,2,0.343,0.465,0.5,0.7,0.73,0.2,1.5,1.7,1.1,0.6,0.4,0.7,1.2,4.5,0,0,0
Ryan Hollins,holliry01,C,37,12.4,1.3,2.1,0.62,0,0,,0.62,0.7,1.1,0.619,1.3,1.4,2.6,0.3,0.2,0.6,0.6,1.7,3.4,0,0,0
Rondae Hollis-Jefferson,holliro01,F,29,21.2,2.2,4.8,0.457,0.1,0.5,0.286,0.471,1.3,1.8,0.712,1.3,4,5.3,1.5,1.3,0.6,0.9,2.1,5.8,0,0,0
Richaun Holmes,holmeri01,F,51,13.8,2.2,4.4,0.514,0.2,0.9,0.182,0.532,1,1.5,0.689,1.2,1.4,2.6,0.6,0.4,0.8,0.6,1.8,5.6,0,0,0
Rodney Hood,hoodro01,G,79,32.2,5.2,12.3,0.42,2,5.7,0.359,0.503,2.2,2.5,0.86,0.5,2.9,3.4,2.7,0.9,0.2,1.6,2.6,14.5,0,0,0
Al Horford,horfoal01,C,82,32.1,6.5,12.8,0.505,1.1,3.1,0.344,0.547,1.3,1.6,0.798,1.8,5.5,7.3,3.2,0.8,1.5,1.3,2,15.2,0,0,0
Dwight Howard,howardw01,C,71,32.1,5.2,8.5,0.62,0,0.1,0,0.62,3.3,6.7,0.489,3.4,8.4,11.8,1.4,1,1.6,2.3,3.1,13.7,0,0,0
Marcelo Huertas,huertma01,G,53,16.4,1.8,4.3,0.422,0.3,1.2,0.262,0.457,0.5,0.5,0.931,0.3,1.4,1.7,3.4,0.5,0.1,1.5,1.4,4.5,0,0,0
Josh Huestis,huestjo01,F,5,11,1,2.4,0.417,0.8,1.2,0.667,0.583,0,0.8,0,0.4,1.6,2,0,0.2,0.4,0.6,0.6,2.8,0,0,0
Kris Humphries,humphkr01,F,53,15.8,2.3,5.6,0.41,0.6,2,0.315,0.468,1.3,1.6,0.798,1.1,3,4.1,0.7,0.3,0.4,0.7,1.8,6.5,0,0,0
R.J. Hunter,hunterj01,G,36,8.8,1,2.7,0.367,0.5,1.8,0.302,0.464,0.2,0.2,0.857,0.1,1,1,0.4,0.4,0.1,0.3,0.8,2.7,0,0,0
Serge Ibaka,ibakase01,F,78,32.1,5.3,11.1,0.479,0.8,2.4,0.326,0.513,1.2,1.6,0.752,1.8,5,6.8,0.8,0.5,1.9,1.4,2.7,12.6,0,0,0
Andre Iguodala,iguodan01,F,65,26.6,2.7,5.7,0.478,0.8,2.4,0.351,0.552,0.8,1.3,0.614,0.8,3.2,4,3.4,1.1,0.3,1.2,1.6,7,0,0,0
Ersan Ilyasova,ilyaser01,F,74,25.4,3.8,8.9,0.424,1.3,3.5,0.371,0.496,1.5,2.1,0.721,1.9,3.5,5.4,0.9,0.7,0.4,1,2.3,10.4,0,0,0
Joe Ingles,inglejo01,F,81,15.3,1.5,3.6,0.426,1,2.6,0.386,0.565,0.2,0.2,0.722,0.2,1.6,1.9,1.2,0.7,0,0.8,1.2,4.2,0,0,0
Damien Inglis,inglida01,F,20,7.8,0.7,1.9,0.351,0.2,0.7,0.231,0.392,0.4,0.4,0.875,0.1,1.5,1.6,0.5,0.3,0.2,0.6,0.6,1.8,0,0,0
Kyrie Irving,irvinky01,G,53,31.5,7.4,16.6,0.448,1.6,4.9,0.321,0.496,3.2,3.6,0.885,0.8,2.1,3,4.7,1.1,0.3,2.3,2,19.6,0,0,0
Jarrett Jack,jackja01,G,32,32.1,4.4,11.2,0.391,1,3.2,0.304,0.434,3.1,3.5,0.893,0.3,4,4.3,7.4,1.1,0.2,2.9,2.4,12.8,0,0,0
Reggie Jackson,jacksre01,G,79,30.7,6.8,15.7,0.434,1.5,4.2,0.353,0.482,3.7,4.3,0.864,0.7,2.5,3.2,6.2,0.7,0.1,2.8,2.4,18.8,0,0,0
LeBron James,jamesle01,F,76,35.6,9.7,18.6,0.52,1.1,3.7,0.309,0.551,4.7,6.5,0.731,1.5,6,7.4,6.8,1.4,0.6,3.3,1.9,25.3,1,0,0
Al Jefferson,jeffeal01,C,47,23.3,5.2,10.7,0.485,0,0,,0.485,1.5,2.4,0.649,1.2,5.2,6.4,1.5,0.6,0.9,0.7,2.5,12,0,0,0
Cory Jefferson,jeffeco01,F,8,6.3,1.1,2.8,0.409,0,0.1,0,0.409,0.5,0.8,0.667,0.8,1.3,2,0,0,0.1,0,1,2.8,0,0,0
Richard Jefferson,jefferi01,F,74,17.9,1.9,4.2,0.458,0.9,2.3,0.382,0.564,0.8,1.2,0.667,0.2,1.5,1.7,0.8,0.4,0.2,0.6,1.7,5.5,0,0,0
John Jenkins,jenkijo01,G,43,11.2,1.7,3.7,0.444,0.4,1.2,0.314,0.494,0.5,0.6,0.833,0.2,1.1,1.3,0.8,0.2,0,0.6,0.5,4.1,0,0,0
Brandon Jennings,jennibr01,G,48,18.1,2.3,6.3,0.368,1.1,3.2,0.329,0.452,1.2,1.6,0.731,0.3,1.7,2,3.5,0.6,0.1,1.2,1.2,6.9,0,0,0
Jonas Jerebko,jerebjo01,F,78,15.1,1.5,3.7,0.413,0.6,1.4,0.398,0.488,0.8,1,0.782,1,2.7,3.7,0.8,0.3,0.3,0.7,1.8,4.4,0,0,0
Amir Johnson,johnsam01,F,79,22.8,3.2,5.4,0.585,0.1,0.5,0.233,0.596,0.9,1.5,0.57,2.3,4.1,6.4,1.7,0.7,1.1,1.2,2.7,7.3,0,0,0
Chris Johnson,johnsch04,F,70,12.2,1,2.8,0.371,0.4,1.4,0.273,0.441,0.5,0.6,0.81,0.4,1.5,1.9,0.6,0.5,0.3,0.6,1.4,2.9,0,0,0
James Johnson,johnsja01,F,57,16.2,2,4.2,0.475,0.4,1.2,0.303,0.517,0.7,1.2,0.574,0.5,1.7,2.2,1.2,0.5,0.6,0.9,1.5,5,0,0,0
Joe Johnson,johnsjo02,F,81,33.4,4.7,10.6,0.439,1.5,3.9,0.383,0.509,1.5,1.8,0.831,0.6,3,3.6,3.9,0.8,0,2,1.8,12.2,0,0,0
Orlando Johnson,johnsor01,G,7,14.4,1.3,4.9,0.265,0.3,1.4,0.2,0.294,0.9,1.1,0.75,0.6,1.6,2.1,0.3,0.4,0.4,0.6,1.3,3.7,0,0,0
Stanley Johnson,johnsst04,F,73,23.1,3.1,8.2,0.375,0.9,2.8,0.307,0.428,1.1,1.4,0.784,0.8,3.4,4.2,1.6,0.8,0.2,1.6,2.4,8.1,0,0,0
Tyler Johnson,johnsty01,G,36,24,3.3,6.8,0.486,0.8,2,0.38,0.541,1.4,1.8,0.797,0.8,2.3,3,2.2,0.7,0.4,1.3,1.8,8.7,0,0,0
Wesley Johnson,johnswe01,F,80,20.8,2.6,6.4,0.404,1.3,3.9,0.333,0.504,0.4,0.6,0.652,0.5,2.6,3.1,0.6,1.1,0.7,0.7,2.2,6.9,0,0,0
Nikola Jokic,jokicni01,C,80,21.7,3.8,7.5,0.512,0.4,1.1,0.333,0.535,1.9,2.4,0.811,2.3,4.7,7,2.4,1,0.6,1.3,2.6,10,0,0,0
Dahntay Jones,jonesda02,F,1,42,6,14,0.429,1,2,0.5,0.464,0,0,,1,4,5,2,1,2,0,6,13,0,0,0
James Jones,jonesja02,F,48,9.6,1.2,3,0.408,0.9,2.2,0.394,0.553,0.4,0.5,0.808,0.2,0.9,1,0.3,0.2,0.2,0.3,1,3.7,0,0,0
Terrence Jones,joneste01,F,50,20.9,3.3,7.3,0.452,0.5,1.6,0.316,0.486,1.5,2.3,0.664,1.2,3,4.2,0.8,0.5,0.8,1,1.7,8.7,0,0,0
Tyus Jones,jonesty01,G,37,15.5,1.5,4.2,0.359,0.4,1.4,0.302,0.41,0.8,1.1,0.718,0.2,1.1,1.3,2.9,0.8,0.1,0.9,0.9,4.2,0,0,0
DeAndre Jordan,jordade01,C,77,33.7,4.6,6.6,0.703,0,0,0,0.703,3.5,8,0.43,3.5,10.3,13.8,1.2,0.7,2.3,1.4,2.7,12.7,1,0,0
Cory Joseph,josepco01,G,80,25.6,3.2,7.3,0.439,0.4,1.4,0.273,0.465,1.7,2.2,0.764,0.5,2.1,2.6,3.1,0.8,0.3,1.3,1.6,8.5,0,0,0
Chris Kaman,kamanch01,C,16,7,1.3,2.7,0.465,0.1,0.3,0.25,0.477,0.2,0.2,1,0.4,1.1,1.5,0.7,0.1,0.1,0.5,0.9,2.8,0,0,0
Frank Kaminsky,kaminfr01,C,81,21.1,2.7,6.5,0.41,0.8,2.5,0.337,0.474,1.3,1.8,0.73,0.9,3.3,4.1,1.2,0.5,0.5,0.7,1.6,7.5,0,0,0
Enes Kanter,kanteen01,C,82,21,5,8.8,0.576,0.1,0.3,0.476,0.583,2.4,3.1,0.797,3,5.1,8.1,0.4,0.3,0.4,1.4,2,12.7,0,0,0
Sergey Karasev,karasse01,F,40,10,0.8,1.9,0.405,0.3,0.9,0.297,0.48,0.7,0.7,0.929,0.2,1.3,1.5,0.9,0.2,0.1,0.6,0.7,2.4,0,0,0
Sasha Kaun,kaunsa01,C,25,3.8,0.4,0.7,0.529,0,0,,0.529,0.2,0.4,0.455,0.5,0.6,1,0.1,0.2,0.2,0.3,0.4,0.9,0,0,0
Ryan Kelly,kellyry01,F,36,13.1,1.5,4.1,0.369,0.1,1,0.135,0.386,1,1.5,0.685,0.6,2.8,3.4,0.6,0.4,0.3,0.5,1.1,4.2,0,0,0
Michael Kidd-Gilchrist,kiddgmi01,F,7,29.3,4.7,8.7,0.541,0.4,1,0.429,0.566,2.9,4.1,0.69,1.7,4.7,6.4,1.3,0.4,0.4,1.1,1.3,12.7,0,0,0
Sean Kilpatrick,kilpase01,G,31,19.9,4,8.7,0.456,1.3,3.7,0.342,0.528,1.9,2.2,0.896,0.4,1.4,1.8,0.9,0.4,0.1,1,1.2,11.1,0,0,0
Brandon Knight,knighbr03,G,52,36,7.1,17.2,0.415,2.3,6.8,0.342,0.482,3,3.5,0.852,0.7,3.2,3.9,5.1,1.2,0.4,3.4,2.4,19.6,0,0,0
Kyle Korver,korveky01,G,80,30,3.4,7.7,0.435,2,5,0.398,0.563,0.6,0.7,0.833,0.2,3.1,3.3,2.1,0.8,0.4,1.2,2,9.2,0,0,0
Kosta Koufos,koufoko01,C,78,19,3,5.7,0.532,0,0,,0.532,0.7,1.3,0.548,2.2,3.3,5.4,0.4,0.5,0.9,0.6,2.4,6.8,0,0,0
Jeremy Lamb,lambje01,G,66,18.6,3.5,7.7,0.451,0.8,2.7,0.309,0.506,1,1.3,0.727,0.7,3.2,3.8,1.2,0.6,0.5,0.8,1.6,8.8,0,0,0
Carl Landry,landrca01,F,36,15.8,3.9,6.9,0.556,0.2,0.4,0.462,0.568,1.9,2.5,0.736,1.4,2.7,4.1,0.9,0.3,0.3,0.6,1.9,9.8,0,0,0
Shane Larkin,larkish01,G,78,22.4,2.8,6.4,0.442,0.5,1.4,0.361,0.481,1.1,1.4,0.776,0.4,1.9,2.3,4.4,1.2,0.2,1.9,1.6,7.3,0,0,0
Joffrey Lauvergne,lauvejo01,C,59,17.6,3.3,6.4,0.513,0.2,0.9,0.245,0.53,1.1,1.2,0.899,1.3,3.6,4.9,0.9,0.2,0.3,0.9,1.9,7.9,0,0,0
Zach LaVine,lavinza01,G,82,28,5.3,11.7,0.452,1.5,3.9,0.389,0.516,2,2.5,0.793,0.3,2.5,2.8,3.1,0.8,0.2,1.9,2.4,14,0,0,0
Ty Lawson,lawsoty01,G,66,21.4,2.1,5.4,0.393,0.5,1.6,0.333,0.444,0.9,1.3,0.686,0.4,1.4,1.8,3.6,0.8,0.1,1.4,1.3,5.7,0,0,0
Courtney Lee,leeco01,G,79,29.5,3.7,8.1,0.454,1,2.7,0.378,0.518,1.3,1.5,0.839,0.4,2.2,2.6,1.7,1.1,0.4,0.9,1.7,9.6,0,0,0
David Lee,leeda02,F,55,16.4,3.2,6.1,0.531,0,0,0,0.531,1.3,1.7,0.763,1.8,3.7,5.5,1.5,0.4,0.5,1.2,2.1,7.8,0,0,0
Alex Len,lenal01,C,78,23.3,3.4,8,0.423,0,0.1,0.143,0.424,2.2,3.1,0.728,2.3,5.3,7.6,1.2,0.5,0.8,1.9,2.9,9,0,0,0
Kawhi Leonard,leonaka01,F,72,33.1,7.7,15.1,0.506,1.8,4,0.443,0.565,4.1,4.6,0.874,1.3,5.5,6.8,2.6,1.8,1,1.5,1.8,21.2,1,0,1
Meyers Leonard,leoname01,F,61,21.9,3.2,7.1,0.448,1.4,3.7,0.377,0.547,0.6,0.8,0.761,0.8,4.3,5.1,1.5,0.1,0.3,1.3,3,8.4,0,0,0
Jon Leuer,leuerjo01,F,67,18.7,3.3,7,0.481,0.6,1.6,0.382,0.526,1.1,1.5,0.762,1.1,4.4,5.6,1.1,0.6,0.4,1.1,1.9,8.5,0,0,0
Damian Lillard,lillada01,G,75,35.7,8.2,19.7,0.419,3.1,8.1,0.375,0.497,5.5,6.2,0.892,0.6,3.4,4,6.8,0.9,0.4,3.2,2.2,25.1,1,0,0
Jeremy Lin,linje01,G,78,26.3,3.8,9.3,0.412,1,2.9,0.336,0.464,3.1,3.7,0.815,0.5,2.7,3.2,3,0.7,0.5,1.9,2.1,11.7,0,0,0
Shaun Livingston,livinsh01,G,78,19.5,2.6,4.9,0.536,0,0.2,0.167,0.538,1,1.2,0.86,0.5,1.6,2.2,3,0.7,0.3,1,1.8,6.3,0,0,0
Kevon Looney,looneke01,F,5,4.2,0.8,1.4,0.571,0.2,0.4,0.5,0.643,0,0,,0.8,1.2,2,0,0,0,0.2,0.4,1.8,0,0,0
Brook Lopez,lopezbr01,C,73,33.7,8.1,15.8,0.511,0,0.2,0.143,0.512,4.3,5.5,0.787,2.8,5.1,7.8,2,0.8,1.7,2.4,2.9,20.6,0,0,0
Robin Lopez,lopezro01,C,82,27.1,4.4,8.1,0.539,0,0,0,0.539,1.6,2,0.795,3.3,4.1,7.3,1.4,0.2,1.6,1.6,2.2,10.3,0,0,0
Kevin Love,loveke01,F,77,31.5,5.3,12.7,0.419,2.1,5.7,0.36,0.499,3.4,4.1,0.822,1.9,8,9.9,2.4,0.8,0.5,1.8,2.1,16,0,0,0
Kyle Lowry,lowryky01,G,77,37,6.6,15.6,0.427,2.8,7.1,0.388,0.516,5.2,6.4,0.811,0.7,4,4.7,6.4,2.1,0.4,2.9,2.7,21.2,1,0,0
Trey Lyles,lylestr01,F,80,17.3,2.4,5.5,0.438,0.6,1.6,0.383,0.494,0.7,1,0.695,0.7,3,3.7,0.7,0.3,0.2,0.8,1.4,6.1,0,0,0
Shelvin Mack,macksh01,G,52,20.3,3.5,8,0.439,0.8,2.4,0.312,0.486,0.9,1.2,0.738,0.3,2.2,2.5,3.6,0.7,0.1,1.8,1.4,8.6,0,0,0
Ian Mahinmi,mahinia01,C,71,25.6,3.7,6.3,0.589,0,0,,0.589,1.9,3.2,0.587,1.9,5.2,7.1,1.5,0.9,1.1,1.4,3.1,9.3,0,0,0
Devyn Marble,marblde01,G,28,8.9,0.8,2.5,0.296,0.3,1.1,0.25,0.352,0.4,0.9,0.417,0.2,1.1,1.4,0.4,0.5,0,0.3,0.9,2.1,0,0,0
Boban Marjanovic,marjabo01,C,54,9.4,1.9,3.2,0.603,0,0,,0.603,1.6,2.1,0.763,1.4,2.2,3.6,0.4,0.2,0.4,0.5,1,5.5,0,0,0
Kendall Marshall,marshke01,G,30,13.3,1.4,3.9,0.364,0.5,1.6,0.327,0.432,0.3,0.4,0.692,0.1,0.9,0.9,2.4,0.5,0.1,1.4,1,3.7,0,0,0
Jarell Martin,martija01,F,27,14.1,2,4.3,0.466,0,0.1,0,0.466,1.7,2.3,0.726,1.4,1.7,3.2,0.6,0.3,0.3,0.7,2.1,5.7,0,0,0
Kevin Martin,martike02,G,55,19.9,2.8,7.6,0.372,0.9,2.5,0.36,0.431,2.8,3.1,0.89,0.3,1.7,2,1.1,0.5,0.1,1,1.5,9.3,0,0,0
Wesley Matthews,matthwe02,F,78,33.9,4.2,10.9,0.388,2.4,6.7,0.36,0.498,1.6,1.9,0.863,0.3,2.7,3.1,1.9,1,0.2,1,2.3,12.5,0,0,0
O.J. Mayo,mayooj01,G,41,26.6,2.9,7.8,0.371,1.3,4,0.321,0.452,0.8,1,0.775,0.3,2.2,2.6,2.9,1.2,0.2,1.8,3.1,7.8,0,0,0
Luc Mbah a Moute,mbahalu01,F,75,17,1.3,2.8,0.454,0.2,0.5,0.325,0.486,0.4,0.8,0.526,0.8,1.5,2.3,0.4,0.6,0.3,0.5,1.3,3.1,0,0,0
James Michael McAdoo,mcadoja01,F,41,6.4,1.1,2,0.536,0,0,0.5,0.542,0.6,1.2,0.531,0.7,0.7,1.4,0.4,0.2,0.2,0.4,1,2.9,0,0,0
Ray McCallum,mccalra01,G,41,11.6,1.3,3.6,0.377,0.4,1,0.357,0.428,0.3,0.4,0.8,0.2,1,1.1,1.5,0.3,0.2,0.6,0.7,3.3,0,0,0
C.J. McCollum,mccolcj01,G,80,34.8,8,17.9,0.448,2.5,5.9,0.417,0.517,2.3,2.8,0.827,0.6,2.7,3.2,4.3,1.2,0.3,2.5,2.3,20.8,0,0,0
T.J. McConnell,mccontj01,G,81,19.8,2.7,5.7,0.47,0.4,1.1,0.348,0.503,0.3,0.5,0.634,0.5,2.6,3.1,4.5,1.2,0.1,1.7,1.4,6.1,0,0,0
Chris McCullough,mcculch01,F,24,15.1,1.8,4.5,0.404,0.5,1.4,0.382,0.463,0.5,1,0.478,1,1.8,2.8,0.4,1.2,0.5,0.6,1.6,4.7,0,0,0
K.J. McDaniels,mcdankj01,F,37,6.4,0.8,1.9,0.403,0.2,0.7,0.28,0.451,0.6,0.8,0.8,0.4,0.7,1.1,0.3,0.2,0.2,0.5,0.8,2.4,0,0,0
Doug McDermott,mcderdo01,F,81,23,3.6,8,0.452,1.4,3.2,0.425,0.537,0.9,1,0.857,0.5,2,2.4,0.7,0.2,0.1,0.7,1.6,9.4,0,0,0
Mitch McGary,mcgarmi01,F,20,3.6,0.6,1.2,0.478,0,0.2,0,0.478,0.2,0.5,0.4,0.2,0.7,0.9,0.2,0.1,0.1,0.4,0.5,1.3,0,0,0
JaVale McGee,mcgeeja01,C,34,10.9,2.3,3.9,0.575,0,0,0,0.575,0.5,1.1,0.5,1.6,2.4,3.9,0.1,0.1,0.8,0.6,1.4,5.1,0,0,0
Ben McLemore,mclembe01,G,68,21.2,2.9,6.7,0.429,1,2.7,0.362,0.502,1.1,1.5,0.718,0.5,1.7,2.2,1.2,0.8,0.1,1.5,2.1,7.8,0,0,0
Jordan McRae,mcraejo01,G,22,8.9,1.5,3.5,0.436,0.5,1,0.455,0.5,1,1.3,0.75,0.2,0.7,0.9,1.1,0.1,0,0.7,0.8,4.5,0,0,0
Josh McRoberts,mcrobjo01,F,42,14.2,1.3,3.5,0.372,0.3,1.2,0.245,0.412,0.7,1,0.7,0.5,2,2.5,1.9,0.4,0.2,0.7,1.6,3.6,0,0,0
Jodie Meeks,meeksjo01,G,3,14.3,2.3,6.7,0.35,1.3,3,0.444,0.45,1.3,1.3,1,0.3,1.3,1.7,1,0,0,0.3,0.7,7.3,0,0,0
Salah Mejri,mejrisa01,C,34,11.7,1.4,2.3,0.628,0,0,0,0.628,0.8,1.4,0.587,1.2,2.4,3.6,0.3,0.2,1.1,0.7,1.6,3.7,0,0,0
Jordan Mickey,mickejo01,F,16,3.6,0.5,1.4,0.364,0,0,,0.364,0.3,0.6,0.5,0.4,0.4,0.8,0.1,0,0.7,0.1,0.3,1.3,0,0,0
Khris Middleton,middlkh01,G,79,36.1,6.4,14.5,0.444,1.8,4.6,0.396,0.507,3.5,3.9,0.888,0.6,3.3,3.8,4.2,1.7,0.2,2.3,2.6,18.2,0,0,0
C.J. Miles,milescj01,F,64,22.9,4,9.9,0.409,2.2,6,0.367,0.521,1.5,1.9,0.75,0.4,2.3,2.7,1,0.8,0.5,1.1,2.2,11.8,0,0,0
Andre Miller,millean02,G,39,11.8,1.5,2.7,0.557,0.1,0.2,0.25,0.566,0.6,0.8,0.75,0.3,1,1.3,2.2,0.4,0,0.9,1.2,3.7,0,0,0
Mike Miller,millemi01,F,47,7.9,0.5,1.3,0.355,0.4,1.1,0.365,0.508,0,0,,0.1,1,1.1,0.9,0.3,0.1,0.4,1.1,1.3,0,0,0
Patty Mills,millspa02,G,81,20.5,3.2,7.6,0.425,1.5,4,0.384,0.525,0.6,0.7,0.81,0.3,1.6,2,2.8,0.7,0.1,0.9,1.3,8.5,0,0,0
Elijah Millsap,millsel01,G,20,8.7,0.6,2,0.282,0.1,0.6,0.083,0.295,0.7,0.9,0.722,0.3,1.5,1.8,1,0.4,0.2,0.5,1.7,1.8,0,0,0
Paul Millsap,millspa01,F,81,32.7,6.2,13.2,0.47,0.9,2.9,0.319,0.505,3.8,5,0.757,2.4,6.6,9,3.3,1.8,1.7,2.4,2.9,17.1,0,0,0
Nikola Mirotic,mirotni01,F,66,24.9,3.8,9.2,0.407,2,5.2,0.39,0.518,2.2,2.7,0.807,0.9,4.6,5.5,1.5,0.9,0.7,1.5,2.3,11.8,0,0,0
Nazr Mohammed,mohamna01,C,5,3.8,0.6,1,0.6,0,0,,0.6,0.4,0.4,1,0.2,0.6,0.8,0,0,0,0.6,0.8,1.6,0,0,0
Greg Monroe,monrogr01,C,79,29.3,6.2,11.9,0.522,0,0,0,0.522,2.9,3.9,0.74,2.8,6.1,8.8,2.3,0.9,0.8,1.6,2.1,15.3,0,0,0
Luis Montero,montelu01,G,12,3.5,0.4,1.6,0.263,0.1,0.8,0.111,0.289,0.3,0.3,0.75,0,0.3,0.3,0.1,0,0,0.3,0.1,1.2,0,0,0
E'Twaun Moore,mooreet01,G,59,21.4,3.2,6.6,0.481,0.8,1.8,0.452,0.541,0.4,0.6,0.629,0.3,1.9,2.3,1.7,0.6,0.3,0.9,1.7,7.5,0,0,0
Eric Moreland,moreler01,F,8,6,0.4,0.8,0.5,0,0,,0.5,0.3,0.5,0.5,0.4,1,1.4,0.1,0,0.5,0.4,0.5,1,0,0,0
Marcus Morris,morrima03,F,80,35.7,5.1,11.8,0.434,1.4,3.7,0.362,0.491,2.5,3.4,0.749,1.1,3.9,5.1,2.5,0.8,0.3,1.8,2.1,14.1,0,0,0
Markieff Morris,morrima02,F,64,25.5,4.8,11.2,0.425,0.7,2.4,0.303,0.458,1.7,2.3,0.735,1.1,4.4,5.5,1.9,0.9,0.5,2.1,2.9,12,0,0,0
Anthony Morrow,morroan01,G,68,13.6,2,4.9,0.408,1.2,3,0.387,0.527,0.4,0.6,0.744,0.1,0.8,0.9,0.4,0.3,0.1,0.3,0.9,5.6,0,0,0
Donatas Motiejunas,motiedo01,F,37,14.8,2.4,5.5,0.439,0.4,1.5,0.281,0.478,0.9,1.4,0.642,1,1.9,2.9,1.1,0.5,0.1,1.2,1.9,6.2,0,0,0
Timofey Mozgov,mozgoti01,C,76,17.4,2.7,4.7,0.565,0,0.1,0.143,0.567,0.9,1.3,0.716,1.4,3,4.4,0.4,0.3,0.8,0.9,2.1,6.3,0,0,0
Emmanuel Mudiay,mudiaem01,G,68,30.4,4.8,13.3,0.364,1.1,3.4,0.319,0.404,2.1,3.1,0.67,0.5,2.9,3.4,5.5,1,0.5,3.2,2.1,12.8,0,0,0
Shabazz Muhammad,muhamsh01,F,82,20.5,3.9,8.3,0.465,0.5,1.9,0.289,0.498,2.3,3,0.764,1.2,2,3.3,0.6,0.3,0.1,0.9,1.1,10.5,0,0,0
Xavier Munford,munfoxa02,G,14,17.4,2.3,5.5,0.416,0.6,1.6,0.391,0.474,0.5,1,0.5,0.2,2,2.2,1.6,0.9,0.2,1.1,1.8,5.7,0,0,0
Mike Muscala,muscami01,C,60,9.4,1.3,2.5,0.5,0.2,0.7,0.308,0.539,0.5,0.7,0.795,0.6,1.3,2,0.6,0.2,0.5,0.5,1.2,3.3,0,0,0
Larry Nance Jr.,nancela02,F,63,20.1,2.5,4.8,0.527,0,0.2,0.1,0.528,0.5,0.7,0.681,1.6,3.3,5,0.7,0.9,0.4,0.7,2,5.5,0,0,0
Shabazz Napier,napiesh01,G,55,10.9,1.2,3.7,0.338,0.6,1.9,0.327,0.423,0.6,0.8,0.733,0.2,0.8,1,1.8,0.4,0,0.8,0.7,3.7,0,0,0
Gary Neal,nealga01,G,40,20.2,3.8,8.1,0.465,1,2.5,0.41,0.528,1.2,1.4,0.855,0.3,1.8,2.1,1.2,0.5,0,0.7,1.4,9.8,0,0,0
Jameer Nelson,nelsoja01,G,39,26.6,2.9,7.9,0.368,1.1,3.7,0.299,0.438,0.8,0.9,0.857,0.5,2.5,2.9,4.9,0.6,0.1,1.7,2.6,7.7,0,0,0
Raul Neto,netora01,G,81,18.5,2.2,5.2,0.431,0.8,2,0.395,0.507,0.6,0.9,0.743,0.2,1.3,1.5,2.1,0.8,0,1.3,1.5,5.9,0,0,0
Andrew Nicholson,nichoan01,F,56,14.7,2.6,5.5,0.471,0.7,2,0.36,0.537,0.9,1.2,0.785,0.6,3,3.6,0.4,0.2,0.4,0.7,1.2,6.9,0,0,0
Joakim Noah,noahjo01,C,29,21.9,1.8,4.6,0.383,0,0,0,0.383,0.8,1.6,0.489,3,5.8,8.8,3.8,0.6,1,1.8,2.7,4.3,0,0,0
Nerlens Noel,noelne01,C,67,29.3,4.6,8.8,0.521,0,0,0.5,0.522,2,3.4,0.59,2.3,5.8,8.1,1.8,1.8,1.5,2.4,2.9,11.1,0,0,0
Lucas Nogueira,noguelu01,C,29,7.8,1,1.5,0.636,0,0.1,0.333,0.648,0.3,0.5,0.533,0.6,1,1.6,0.2,0.4,0.4,0.4,1,2.2,0,0,0
Steve Novak,novakst01,F,10,4.4,0.8,1.8,0.444,0.7,1.5,0.467,0.639,0.1,0.1,1,0,0.5,0.5,0,0,0,0.1,0.3,2.4,0,0,0
Dirk Nowitzki,nowitdi01,F,75,31.5,6.6,14.8,0.448,1.7,4.6,0.368,0.504,3.3,3.7,0.893,0.7,5.8,6.5,1.8,0.7,0.7,1.1,2.1,18.3,0,0,0
Jusuf Nurkic,nurkiju01,C,32,17.1,3.2,7.6,0.417,0,0.1,0,0.417,1.9,3.1,0.616,2,3.4,5.5,1.3,0.8,1.4,1.7,2.8,8.2,0,0,0
J.J. O'Brien,obriejj01,F,2,3,0,0.5,0,0,0,,0,0,0,,0,0.5,0.5,0,0.5,0,0,0.5,0,0,0,0
Johnny O'Bryant,obryajo01,F,66,13,1.3,3.2,0.411,0,0,1,0.414,0.4,0.6,0.675,1,1.7,2.7,0.5,0.3,0.1,0.5,1.5,3,0,0,0
Kyle O'Quinn,oquinky01,F,65,11.8,2,4.2,0.476,0.1,0.3,0.227,0.485,0.7,0.9,0.767,1.2,2.7,3.8,1.1,0.3,0.8,0.9,1.6,4.8,0,0,0
Jahlil Okafor,okafoja01,C,53,30,7.5,14.7,0.508,0,0.1,0.167,0.509,2.5,3.7,0.686,2.3,4.7,7,1.2,0.4,1.2,2.3,2.6,17.5,0,0,0
Victor Oladipo,oladivi01,G,72,33,5.9,13.5,0.438,1.4,3.9,0.348,0.489,2.8,3.4,0.83,0.7,4.1,4.8,3.9,1.6,0.8,2.1,2.4,16,0,0,0
Kelly Olynyk,olynyke01,C,69,20.2,3.7,8.1,0.455,1.2,3,0.405,0.531,1.4,1.9,0.75,1,3,4.1,1.5,0.8,0.5,1.1,2.4,10,0,0,0
Kelly Oubre,oubreke01,F,63,10.7,1.4,3.3,0.427,0.4,1.3,0.316,0.486,0.5,0.8,0.633,0.4,1.7,2.1,0.2,0.3,0.1,0.5,1.6,3.7,0,0,0
Zaza Pachulia,pachuza01,C,76,26.4,2.9,6.2,0.466,0,0,0,0.466,2.8,3.6,0.768,3.3,6.2,9.4,1.7,0.8,0.3,1.6,2.4,8.6,0,0,0
Kostas Papanikolaou,papanko01,F,26,11.3,0.9,2.5,0.364,0.4,1.2,0.313,0.439,0.3,0.5,0.643,0.3,1.2,1.5,0.6,0.5,0.2,0.8,0.9,2.6,0,0,0
Jabari Parker,parkeja01,F,76,31.7,5.8,11.8,0.493,0.1,0.5,0.257,0.498,2.3,3,0.768,1.6,3.6,5.2,1.7,0.9,0.4,1.5,2,14.1,0,0,0
Tony Parker,parketo01,G,72,27.5,4.9,9.9,0.493,0.4,0.9,0.415,0.512,1.8,2.4,0.76,0.2,2.2,2.4,5.3,0.8,0.2,1.8,1.6,11.9,0,0,0
Chandler Parsons,parsoch01,F,61,29.5,5.2,10.7,0.492,1.7,4.1,0.414,0.571,1.5,2.2,0.684,0.5,4.2,4.7,2.8,0.8,0.3,1.6,1.9,13.7,0,0,0
Lamar Patterson,pattela01,G,35,11.3,0.8,2.3,0.35,0.3,1.4,0.245,0.425,0.5,0.6,0.727,0.1,1.3,1.4,1.1,0.3,0.1,0.7,1.3,2.4,0,0,0
Patrick Patterson,pattepa01,F,79,25.6,2.6,6.2,0.414,1.3,3.7,0.362,0.521,0.4,0.4,0.853,1,3.4,4.3,1.2,0.7,0.4,0.8,1.6,6.9,0,0,0
Chris Paul,paulch01,G,74,32.7,7,15.1,0.462,1.6,4.4,0.371,0.517,4,4.4,0.896,0.5,3.7,4.2,10,2.1,0.2,2.6,2.5,19.5,1,0,0
Adreian Payne,paynead01,F,52,9.3,1,2.8,0.366,0.2,0.6,0.281,0.397,0.3,0.5,0.654,0.4,1.8,2.1,0.6,0.3,0.2,0.7,1.5,2.5,0,0,0
Cameron Payne,payneca01,G,57,12.2,2,4.9,0.41,0.6,1.9,0.324,0.475,0.3,0.4,0.792,0.2,1.3,1.5,1.9,0.6,0.1,0.8,1.4,5,0,0,0
Elfrid Payton,paytoel01,G,73,29.4,4.4,10,0.436,0.4,1.3,0.326,0.456,1.5,2.6,0.589,1.1,2.5,3.6,6.4,1.2,0.3,2.4,2.2,10.7,0,0,0
Nikola Pekovic,pekovni01,C,12,13,1.6,4.2,0.38,0,0,,0.38,1.3,1.7,0.8,0.6,1.2,1.8,0.9,0.1,0,0.8,1.8,4.5,0,0,0
Kendrick Perkins,perkike01,C,37,14.6,1.1,2,0.533,0,0,,0.533,0.3,0.7,0.44,0.7,2.8,3.5,0.8,0.3,0.3,1.1,1.7,2.5,0,0,0
Paul Pierce,piercpa01,F,68,18.1,2.1,5.8,0.363,1.1,3.6,0.31,0.457,0.8,1,0.818,0.2,2.6,2.7,1,0.5,0.3,0.9,1.9,6.1,0,0,0
Tibor Pleiss,pleisti01,C,12,6.8,0.9,2.1,0.44,0,0.2,0,0.44,0.2,0.2,1,0.5,0.8,1.3,0.2,0.1,0.2,0.7,1.6,2,0,0,0
Mason Plumlee,plumlma01,C,82,25.4,3.3,6.3,0.516,0,0,0,0.516,2.6,4.1,0.642,2.5,5.2,7.7,2.8,0.8,1,1.9,3.1,9.1,0,0,0
Miles Plumlee,plumlmi01,C,61,14.3,2.3,3.8,0.601,0,0,,0.601,0.6,1,0.576,1.5,2.3,3.8,0.3,0.3,0.8,0.7,1.2,5.1,0,0,0
Otto Porter,porteot01,F,75,30.3,4.5,9.6,0.473,1.3,3.6,0.367,0.541,1.3,1.7,0.754,1.3,3.9,5.2,1.6,1.4,0.4,0.9,2.2,11.6,0,0,0
Bobby Portis,portibo01,F,62,17.8,3,7,0.427,0.3,0.8,0.308,0.445,0.8,1.1,0.727,2,3.5,5.4,0.8,0.4,0.4,0.9,1.6,7,0,0,0
Kristaps Porzingis,porzikr01,F,72,28.4,5.2,12.3,0.421,1.1,3.4,0.333,0.467,2.8,3.3,0.838,1.8,5.5,7.3,1.3,0.7,1.9,1.7,2.8,14.3,0,0,0
Dwight Powell,poweldw01,F,69,14.4,2.1,4.3,0.493,0,0.2,0.125,0.497,1.5,2.1,0.739,1.2,2.7,4,0.6,0.5,0.3,0.6,1.7,5.8,0,0,0
Norman Powell,powelno01,G,49,14.8,2,4.7,0.424,0.7,1.8,0.404,0.502,0.9,1.1,0.811,0.3,1.9,2.3,1,0.6,0.2,0.7,1.2,5.6,0,0,0
Phil Pressey,pressph01,G,23,12.3,1.3,3.4,0.385,0.2,0.8,0.222,0.41,0.6,1.1,0.52,0.1,1.2,1.3,3.3,0.8,0.2,1.4,1.2,3.3,0,0,0
Ronnie Price,pricero01,G,62,19.5,1.9,4.9,0.384,1.1,3.2,0.347,0.497,0.5,0.7,0.756,0.4,1.2,1.6,2.4,1.2,0.2,1.1,2.6,5.3,0,0,0
Pablo Prigioni,prigipa01,G,59,13.9,0.9,2.5,0.374,0.5,1.6,0.295,0.469,0.1,0.1,0.875,0.6,1.3,1.9,2.2,0.9,0,0.8,1.4,2.5,0,0,0
Tayshaun Prince,princta01,F,77,19,1.3,3,0.445,0.1,0.3,0.174,0.454,0.2,0.2,0.684,0.4,1.5,1.9,0.9,0.5,0.2,0.4,0.8,2.9,0,0,0
Julius Randle,randlju01,F,81,28.2,4.4,10.3,0.429,0.1,0.4,0.278,0.435,2.4,3.3,0.715,2.1,8.1,10.2,1.8,0.7,0.4,1.8,3,11.3,0,0,0
Zach Randolph,randoza01,F,68,29.6,6.3,13.3,0.475,0.1,0.4,0.231,0.479,2.5,3.2,0.796,2.6,5.1,7.8,2.1,0.6,0.2,1.5,2.1,15.3,0,0,0
J.J. Redick,redicjj01,G,75,28,5.6,11.7,0.48,2.7,5.6,0.475,0.593,2.4,2.7,0.888,0.1,1.7,1.9,1.4,0.6,0.1,1,1.8,16.3,0,0,0
Willie Reed,reedwi02,C,39,10.9,1.9,3.4,0.571,0,0,,0.571,0.8,1.4,0.545,1.3,1.9,3.1,0.3,0.2,0.8,0.4,1.2,4.7,0,0,0
Josh Richardson,richajo01,G,52,21.3,2.4,5.2,0.452,1,2.2,0.461,0.55,0.8,1.2,0.667,0.4,1.7,2.1,1.4,0.7,0.5,0.7,2.1,6.6,0,0,0
Austin Rivers,riverau01,G,67,21.9,3.4,7.7,0.438,0.9,2.8,0.335,0.498,1.2,1.7,0.681,0.3,1.6,1.9,1.5,0.7,0.1,0.9,2,8.9,0,0,0
Andre Roberson,roberan03,G,70,22.2,1.9,3.9,0.496,0.5,1.5,0.311,0.555,0.5,0.8,0.611,1.1,2.5,3.6,0.7,0.8,0.6,0.5,1.9,4.8,0,0,0
Brian Roberts,roberbr01,G,51,9.2,1.5,3.2,0.448,0.3,0.8,0.357,0.494,0.8,0.9,0.894,0.1,0.7,0.8,1.1,0.2,0,0.5,0.7,4,0,0,0
Glenn Robinson,robingl02,F,45,11.3,1.4,3.4,0.43,0.3,0.8,0.378,0.477,0.6,0.9,0.692,0.3,1.2,1.5,0.6,0.4,0.2,0.4,0.5,3.8,0,0,0
Nate Robinson,robinna01,G,2,11.5,0,0.5,0,0,0.5,0,0,0,0,,0,0,0,2,0.5,0,0,2.5,0,0,0,0
Thomas Robinson,robinth01,F,71,12.9,1.8,4.1,0.447,0,0,0,0.447,0.7,1.5,0.431,1.9,3.1,5.1,0.6,0.5,0.5,1,1.6,4.3,0,0,0
Rajon Rondo,rondora01,G,72,35.2,4.9,10.9,0.454,0.9,2.4,0.365,0.494,1.2,2.1,0.58,1.1,5,6,11.7,2,0.1,3.9,2.4,11.9,0,0,0
Derrick Rose,rosede01,G,66,31.8,6.8,15.9,0.427,0.7,2.3,0.293,0.448,2.2,2.7,0.793,0.7,2.7,3.4,4.7,0.7,0.2,2.7,1.3,16.4,0,0,0
Terrence Ross,rosste01,F,73,23.9,3.7,8.6,0.431,1.8,4.6,0.386,0.536,0.7,0.8,0.79,0.3,2.2,2.5,0.8,0.7,0.3,0.6,1.6,9.9,0,0,0
Terry Rozier,roziete01,G,39,8,0.7,2.7,0.274,0.2,0.7,0.222,0.302,0.2,0.3,0.8,0.6,1,1.6,0.9,0.2,0,0.5,0.6,1.8,0,0,0
Ricky Rubio,rubiori01,G,76,30.6,2.9,7.7,0.374,0.8,2.5,0.326,0.427,3.5,4.1,0.847,0.5,3.8,4.3,8.7,2.1,0.1,2.5,2.6,10.1,0,0,0
Damjan Rudez,rudezda01,F,33,8.4,0.8,1.9,0.403,0.5,1.5,0.34,0.54,0.2,0.2,1,0.2,0.5,0.6,0.3,0.1,0,0.4,1,2.3,0,0,0
Brandon Rush,rushbr01,G,72,14.7,1.5,3.6,0.427,0.9,2.2,0.414,0.552,0.3,0.4,0.643,0.3,2.2,2.5,0.8,0.3,0.3,0.5,0.8,4.2,0,0,0
D'Angelo Russell,russeda01,G,80,28.2,4.9,12,0.41,1.6,4.6,0.351,0.478,1.8,2.4,0.737,0.6,2.8,3.4,3.3,1.2,0.2,2.5,1.8,13.2,0,0,0
Robert Sacre,sacrero01,C,25,12.8,1.2,3,0.413,0,0,,0.413,1,1.5,0.658,1.3,1.6,2.9,0.6,0.2,0.4,0.5,1.7,3.5,0,0,0
JaKarr Sampson,sampsja02,F,73,15.9,1.9,4.3,0.442,0.2,0.9,0.222,0.464,1.1,1.7,0.656,0.6,2,2.6,0.6,0.3,0.5,1,1.9,5.1,0,0,0
Dennis Schroder,schrode01,G,80,20.3,4.1,9.8,0.421,1,3,0.322,0.471,1.8,2.3,0.791,0.3,2.2,2.6,4.4,0.9,0.1,2.3,1.7,11,0,0,0
Luis Scola,scolalu01,F,76,21.5,3.5,7.9,0.45,0.9,2.1,0.404,0.504,0.8,1.1,0.726,1.1,3.6,4.7,0.9,0.6,0.4,0.9,2.3,8.7,0,0,0
Mike Scott,scottmi01,F,75,15.3,2.3,5,0.468,0.8,2.1,0.392,0.551,0.7,0.8,0.794,0.7,2,2.7,1,0.3,0.2,0.6,1.4,6.2,0,0,0
Thabo Sefolosha,sefolth01,F,75,23.4,2.5,5,0.505,0.6,1.7,0.339,0.562,0.8,1.3,0.626,0.7,3.8,4.5,1.4,1.1,0.5,0.9,1.5,6.4,0,0,0
Kevin Seraphin,serapke01,C,48,11,1.8,4.3,0.41,0,0,0,0.41,0.4,0.5,0.826,0.6,2,2.6,1,0.2,0.8,0.9,1.4,3.9,0,0,0
Ramon Sessions,sessira01,G,82,20.3,3.4,7.2,0.473,0.4,1.4,0.324,0.503,2.6,3.5,0.756,0.3,2.2,2.5,2.9,0.6,0.1,1.4,1.2,9.9,0,0,0
Iman Shumpert,shumpim01,G,54,24.4,2.1,5.6,0.374,0.8,2.7,0.295,0.444,0.7,0.9,0.784,0.6,3.2,3.8,1.7,1,0.4,1.1,2.2,5.8,0,0,0
Jonathon Simmons,simmojo02,G,55,14.8,2.2,4.4,0.504,0.3,0.9,0.383,0.541,1.3,1.7,0.75,0.3,1.5,1.7,1.1,0.4,0.1,1,1.9,6,0,0,0
Henry Sims,simshe01,C,14,18.8,2.4,5.5,0.429,0,0,,0.429,1.8,2.1,0.833,1.5,3.6,5.1,0.6,0.6,1,0.9,2.6,6.5,0,0,0
Kyle Singler,singlky01,F,68,14.4,1.3,3.3,0.389,0.4,1.4,0.309,0.457,0.4,0.6,0.659,0.7,1.3,2.1,0.4,0.4,0.1,0.5,1.8,3.4,0,0,0
Donald Sloan,sloando01,G,61,21.6,2.5,5.7,0.44,0.6,1.6,0.384,0.494,1.3,1.7,0.75,0.3,2.6,2.8,4.4,0.5,0.1,1.3,1.2,7,0,0,0
Marcus Smart,smartma01,G,61,27.3,3,8.7,0.348,1,4,0.253,0.405,2.1,2.7,0.777,1.2,2.9,4.2,3,1.5,0.3,1.3,3,9.1,0,0,0
Greg Smith,smithgr02,F,18,10.7,1,1.8,0.563,0,0,,0.563,0.4,0.9,0.412,0.7,1.7,2.3,0.3,0.2,0.1,0.4,1.6,2.4,0,0,0
Ish Smith,smithis01,G,77,29.1,5.2,12.6,0.411,0.7,2.2,0.329,0.44,1.6,2.3,0.693,0.6,3.4,4,6.5,1.1,0.3,2.3,1.7,12.6,0,0,0
J.R. Smith,smithjr01,G,77,30.7,4.6,11,0.415,2.6,6.6,0.4,0.535,0.6,0.9,0.634,0.6,2.3,2.8,1.7,1.1,0.3,0.8,2.6,12.4,0,0,0
Jason Smith,smithja02,C,76,15.5,3.2,6.6,0.485,0.1,0.2,0.25,0.489,0.7,0.9,0.806,0.7,2.2,2.9,0.8,0.4,0.9,0.8,2.1,7.2,0,0,0
Josh Smith,smithjo03,F,55,16,2.3,6.3,0.364,0.7,2.6,0.287,0.423,0.7,1.2,0.552,0.9,2.6,3.5,1.6,0.6,0.9,1.4,2.1,6,0,0,0
Russ Smith,smithru01,G,15,4.4,0.5,1.5,0.318,0.1,0.3,0.2,0.341,0.5,0.9,0.615,0.1,0.5,0.6,0.7,0.3,0.1,0.5,0.3,1.5,0,0,0
Tony Snell,snellto01,F,64,20.3,2,5.3,0.372,0.9,2.4,0.361,0.454,0.5,0.5,0.909,0.3,2.8,3.1,1,0.3,0.3,0.8,1.6,5.3,0,0,0
Marreese Speights,speigma01,C,72,11.6,2.7,6.3,0.432,0.3,0.9,0.387,0.458,1.3,1.6,0.825,1.1,2.3,3.3,0.8,0.3,0.5,0.9,1.6,7.1,0,0,0
Tiago Splitter,splitti01,C,36,16.1,2.3,4.3,0.523,0,0.1,0,0.523,1.1,1.3,0.813,1.3,2.1,3.3,0.8,0.6,0.3,0.7,2,5.6,0,0,0
Nik Stauskas,stausni01,G,73,24.8,2.9,7.5,0.385,1.5,4.5,0.326,0.483,1.2,1.6,0.771,0.3,2.2,2.5,1.9,0.6,0.3,1.3,1.6,8.5,0,0,0
Lance Stephenson,stephla01,F,69,19.9,3.3,6.9,0.481,0.4,1.1,0.385,0.513,1.3,1.6,0.784,0.6,2.7,3.2,1.9,0.6,0.1,1.4,2,8.3,0,0,0
Alex Stepheson,stephal01,F,8,9.1,1.1,3.4,0.333,0,0,,0.333,0.5,1.5,0.333,2.4,1.1,3.5,0.3,0.1,0.6,0,1.5,2.8,0,0,0
Jarnell Stokes,stokeja01,C,7,2.6,0.4,0.7,0.6,0,0,,0.6,0.1,0.3,0.5,0.1,0.4,0.6,0.1,0.1,0,0,0.1,1,0,0,0
Amar'e Stoudemire,stoudam01,C,52,14.7,2.4,4.3,0.566,0,0,,0.566,1,1.3,0.746,1.3,3,4.3,0.5,0.3,0.8,0.9,1.8,5.8,0,0,0
Rodney Stuckey,stuckro01,G,58,22,3.2,7.6,0.413,0.3,1.4,0.241,0.436,2.3,2.7,0.829,0.3,2.4,2.7,2.4,0.7,0.1,1.3,1.3,8.9,0,0,0
Jared Sullinger,sullija01,F,81,23.6,4.3,10,0.435,0.4,1.3,0.282,0.453,1.3,2,0.64,2.4,5.9,8.3,2.3,0.9,0.6,1.3,2.6,10.3,0,0,0
Edy Tavares,tavarwa01,C,11,6.6,1,1.7,0.579,0,0,,0.579,0.3,0.7,0.375,0.6,1.3,1.9,0.3,0.1,0.5,0.5,0.7,2.3,0,0,0
Jeff Teague,teaguje01,G,79,28.5,5.5,12.5,0.439,1.4,3.5,0.4,0.495,3.3,3.9,0.837,0.4,2.3,2.7,5.9,1.2,0.3,2.8,2.1,15.7,0,0,0
Mirza Teletovic,teletmi01,F,79,21.3,4.2,9.8,0.427,2.3,5.8,0.393,0.544,1.5,2,0.774,0.7,3.1,3.8,1.1,0.4,0.3,1.1,2,12.2,0,0,0
Garrett Temple,templga01,F,80,24.4,2.5,6.3,0.398,1.1,3.2,0.345,0.486,1.1,1.6,0.728,0.5,2.2,2.7,1.8,0.9,0.2,0.8,2.4,7.3,0,0,0
Jason Terry,terryja01,G,72,17.5,2.1,5.2,0.402,1.3,3.6,0.356,0.525,0.4,0.5,0.818,0.2,0.9,1.1,1.4,0.7,0.1,0.7,1.3,5.9,0,0,0
Isaiah Thomas,thomais02,G,82,32.2,7.2,16.9,0.428,2,5.7,0.359,0.488,5.8,6.6,0.871,0.6,2.4,3,6.2,1.1,0.1,2.7,2,22.2,0,0,0
Lance Thomas,thomala01,F,59,22.3,2.9,6.5,0.442,0.7,1.8,0.404,0.5,1.7,2,0.857,0.6,1.6,2.2,0.9,0.4,0.1,1,1.8,8.2,0,0,0
Hollis Thompson,thompho01,G,77,28,3.5,8.8,0.397,1.9,5.1,0.38,0.507,0.9,1.2,0.719,0.7,2.8,3.5,1.3,0.5,0.3,1,2.4,9.8,0,0,0
Jason Thompson,thompja02,C,47,10,1.1,2.3,0.481,0.1,0.3,0.333,0.505,0.8,1.1,0.704,0.7,2.2,2.9,0.6,0.3,0.4,0.3,1.7,3.1,0,0,0
Klay Thompson,thompkl01,G,80,33.3,8.1,17.3,0.47,3.5,8.1,0.425,0.569,2.4,2.8,0.873,0.4,3.4,3.8,2.1,0.8,0.6,1.7,1.9,22.1,1,0,0
Tristan Thompson,thomptr01,F,82,27.7,3,5.1,0.588,0,0,,0.588,1.8,3,0.616,3.3,5.7,9,0.8,0.5,0.6,0.7,2.5,7.8,0,0,0
Marcus Thornton,thornma01,G,61,18.2,3.5,8.9,0.399,1.5,4.4,0.337,0.482,1.1,1.3,0.848,0.6,1.8,2.5,1.4,0.8,0.1,0.8,1.5,9.7,0,0,0
Anthony Tolliver,tollian01,F,72,18.6,1.8,4.6,0.386,1.4,3.8,0.36,0.533,0.4,0.7,0.617,0.5,2.6,3.2,0.7,0.4,0.2,0.4,1.2,5.3,0,0,0
Axel Toupane,toupaax01,F,21,14.5,1.2,3.3,0.357,0.6,1.9,0.325,0.45,0.6,0.8,0.765,0.4,1.1,1.5,0.7,0.3,0.3,0.3,1.9,3.6,0,0,0
Karl-Anthony Towns,townska01,C,82,32,7.6,14.1,0.542,0.4,1.1,0.341,0.555,2.7,3.4,0.811,2.8,7.7,10.5,2,0.7,1.7,2.2,3,18.3,0,0,0
P.J. Tucker,tuckepj01,F,82,31,2.9,7.1,0.411,0.8,2.5,0.33,0.469,1.3,1.7,0.746,2,4.2,6.2,2.2,1.3,0.2,1.4,2.5,8,0,0,0
Evan Turner,turneev01,G,81,28,4.2,9.3,0.456,0.2,1,0.241,0.469,1.8,2.2,0.827,0.6,4.3,4.9,4.4,1,0.3,2.1,1.7,10.5,0,0,0
Myles Turner,turnemy01,C,60,22.8,4.4,8.8,0.498,0.1,0.2,0.214,0.501,1.5,2,0.727,1.1,4.4,5.5,0.7,0.4,1.4,1.1,2.6,10.3,0,0,0
Beno Udrih,udrihbe01,G,44,16.1,2,4.5,0.434,0.3,1,0.341,0.472,0.4,0.5,0.9,0.2,1.5,1.6,2.6,0.3,0,1.2,1.2,4.7,0,0,0
Jonas Valanciunas,valanjo01,C,60,26,5.1,8.9,0.565,0,0,,0.565,2.7,3.6,0.761,3.1,6.1,9.1,0.7,0.4,1.3,1.4,2.6,12.8,0,0,0
Anderson Varejao,varejan01,C,53,9.4,1,2.3,0.427,0,0,0,0.427,0.6,0.9,0.64,0.7,2,2.7,0.7,0.3,0.2,0.4,1.3,2.6,0,0,0
Greivis Vasquez,vasqugr01,G,23,20,2,6,0.326,0.8,3.2,0.247,0.391,1,1.1,0.846,0.2,1.8,2,4,0.4,0,1.7,1.8,5.7,0,0,0
Rashad Vaughn,vaughra01,G,70,14.3,1.2,3.8,0.305,0.6,2.1,0.293,0.385,0.2,0.2,0.8,0.2,1.1,1.3,0.6,0.4,0.2,0.4,1,3.1,0,0,0
Charlie Villanueva,villach01,F,62,10.7,2,5.3,0.382,0.8,2.8,0.273,0.454,0.4,0.4,0.917,0.4,2.1,2.5,0.4,0.3,0.2,0.5,1.1,5.1,0,0,0
Noah Vonleh,vonleno01,F,78,15.1,1.5,3.6,0.421,0.1,0.6,0.239,0.441,0.5,0.7,0.745,1.2,2.7,3.9,0.4,0.3,0.3,0.6,1.9,3.6,0,0,0
Nikola Vucevic,vucevni01,C,65,31.3,8.2,16.1,0.51,0,0.1,0.222,0.511,1.7,2.3,0.753,2.7,6.2,8.9,2.8,0.8,1.1,1.9,2.7,18.2,0,0,0
Sasha Vujacic,vujacsa01,G,61,14.9,1.7,4.5,0.383,0.9,2.3,0.364,0.477,0.5,0.6,0.821,0.4,2,2.4,1.4,0.6,0.1,0.7,1.4,4.9,0,0,0
Dwyane Wade,wadedw01,G,74,30.5,7.3,16,0.456,0.1,0.6,0.159,0.459,4.4,5.5,0.793,1.1,3,4.1,4.6,1.1,0.6,2.7,1.6,19,0,0,0
Dion Waiters,waitedi01,G,78,27.6,3.6,9.1,0.399,1.1,3.1,0.358,0.46,1.4,2,0.713,0.5,2.1,2.6,2,1,0.2,1.5,1.8,9.8,0,0,0
Kemba Walker,walkeke02,G,81,35.6,7,16.4,0.427,2.2,6,0.371,0.495,4.6,5.4,0.847,0.7,3.7,4.4,5.2,1.6,0.5,2.1,1.4,20.9,0,0,0
John Wall,walljo01,G,77,36.2,7.4,17.5,0.424,1.5,4.3,0.351,0.467,3.5,4.5,0.791,0.5,4.4,4.9,10.2,1.9,0.8,4.1,2.1,19.9,0,0,0
T.J. Warren,warretj01,F,47,22.8,4.7,9.4,0.501,0.6,1.5,0.4,0.533,1,1.4,0.703,1.2,1.9,3.1,0.9,0.8,0.3,0.7,2,11,0,0,0
C.J. Watson,watsocj01,G,33,19.9,1.4,4.2,0.343,0.4,1.5,0.292,0.394,1,1.2,0.872,0.3,1.7,2,2.7,0.6,0.2,0.8,1.5,4.3,0,0,0
Briante Weber,weberbr01,G,7,24.1,2,5.6,0.359,0,0.7,0,0.359,0.4,0.6,0.75,1.1,2.4,3.6,3,1.3,0.4,1.3,1.7,4.4,0,0,0
Sonny Weems,weemsso01,G,43,11.6,1,2.6,0.382,0.3,1,0.366,0.45,0.2,0.3,0.533,0.2,1.1,1.2,1.1,0.2,0,1,1.1,2.5,0,0,0
David West,westda01,F,78,18,3.1,5.7,0.545,0,0.1,0.429,0.548,0.8,1,0.788,0.9,3,4,1.8,0.6,0.7,0.9,1.8,7.1,0,0,0
Russell Westbrook,westbru01,G,80,34.4,8.2,18.1,0.454,1.3,4.3,0.296,0.489,5.8,7.2,0.812,1.8,6,7.8,10.4,2,0.3,4.3,2.5,23.5,1,0,0
Hassan Whiteside,whiteha01,C,73,29.1,5.7,9.3,0.606,0,0,,0.606,2.9,4.5,0.65,3.3,8.6,11.8,0.4,0.6,3.7,1.9,2.8,14.2,0,0,0
Shayne Whittington,whittsh01,F,7,5.9,0.7,1.6,0.455,0,0.3,0,0.455,0.1,0.3,0.5,0.7,1,1.7,0.4,0.1,0.1,0.7,1,1.6,0,0,0
Andrew Wiggins,wiggian01,F,81,35.1,7.3,16,0.459,0.7,2.3,0.3,0.481,5.3,7,0.761,1.3,2.3,3.6,2,1,0.6,2.2,2,20.7,0,0,0
C.J. Wilcox,wilcocj01,G,23,7.3,1.1,2.9,0.394,0.4,1,0.391,0.462,0.4,0.5,0.75,0,0.5,0.5,0.4,0.4,0.1,0.1,0.7,3,0,0,0
Alan Williams,willial03,F,10,6.8,1,2.4,0.417,0,0,,0.417,0.9,1.4,0.643,1.4,2.4,3.8,0.5,0.4,0.5,0.6,1.5,2.9,0,0,0
Deron Williams,willide01,G,65,32.4,4.9,11.9,0.414,1.5,4.3,0.344,0.477,2.8,3.2,0.869,0.3,2.6,2.9,5.8,0.9,0.2,2.3,2.4,14.1,0,0,0
Derrick Williams,willide02,F,80,17.9,3.2,7.1,0.45,0.6,1.9,0.293,0.488,2.4,3.2,0.758,0.6,3.1,3.7,0.9,0.4,0.1,0.8,0.9,9.3,0,0,0
Elliot Williams,williel01,G,5,9,0.4,2,0.2,0.2,0.8,0.25,0.25,0.6,0.8,0.75,0.2,0.6,0.8,0.8,0,0,0.2,0.4,1.6,0,0,0
Lou Williams,willilo02,G,67,28.5,4.2,10.3,0.408,1.6,4.8,0.344,0.488,5.3,6.3,0.83,0.5,2.1,2.5,2.5,0.9,0.3,1.6,1.6,15.3,0,0,0
Marvin Williams,willima02,F,81,28.9,4.2,9.2,0.452,1.9,4.7,0.402,0.554,1.5,1.8,0.833,1.6,4.9,6.4,1.4,0.7,1,0.8,1.6,11.7,0,0,0
Mo Williams,willima01,G,41,18.2,3.2,7.4,0.437,0.9,2.5,0.353,0.497,0.9,1,0.905,0.1,1.6,1.8,2.4,0.3,0.1,1.4,1.5,8.2,0,0,0
Justise Winslow,winslju01,F,78,28.6,2.5,5.9,0.422,0.4,1.5,0.276,0.457,1,1.5,0.684,1,4.1,5.2,1.5,0.9,0.3,1.2,2.4,6.4,0,0,0
Jeff Withey,witheje01,C,51,12.9,1.7,3.2,0.537,0,0,0,0.537,0.8,1.2,0.729,1.1,2.3,3.4,0.4,0.4,1,0.5,1.5,4.3,0,0,0
Christian Wood,woodch01,F,17,8.5,1.3,3.1,0.415,0.2,0.6,0.364,0.453,0.8,1.2,0.619,0.8,1.5,2.2,0.2,0.3,0.4,0.1,0.6,3.6,0,0,0
Metta World Peace,artesro01,F,35,16.9,1.6,5.1,0.311,0.7,2.4,0.31,0.384,1.1,1.6,0.702,0.5,2,2.5,0.8,0.6,0.3,0.4,1.9,5,0,0,0
Brandan Wright,wrighbr03,F,12,17.7,2.9,4.3,0.673,0,0,,0.673,1.1,2,0.542,1.2,2.4,3.6,0.5,0.4,1.3,0.8,1.8,6.9,0,0,0
Delon Wright,wrighde01,G,27,8.5,1.3,3,0.45,0.2,0.5,0.385,0.481,1,1.3,0.743,0.3,1.1,1.4,1.1,0.3,0.1,0.6,0.3,3.8,0,0,0
Tony Wroten,wroteto01,G,8,18,2.8,8.1,0.338,0.4,2.1,0.176,0.362,2.5,4.6,0.541,0.3,2.4,2.6,2.5,0.4,0,3.6,1.4,8.4,0,0,0
James Young,youngja01,G,29,6.9,0.4,1.2,0.306,0.2,0.9,0.231,0.389,0,0.1,0.25,0.1,0.8,0.9,0.3,0.2,0,0.2,0.6,1,0,0,0
Joe Young,youngjo01,G,41,9.4,1.5,4.1,0.367,0.2,1.1,0.217,0.396,0.5,0.6,0.8,0.1,1.1,1.2,1.6,0.4,0,0.8,0.7,3.8,0,0,0
Nick Young,youngni01,G,54,19.1,2.3,6.9,0.339,1.4,4.4,0.325,0.442,1.2,1.4,0.829,0.3,1.5,1.8,0.6,0.4,0.1,0.6,0.9,7.3,0,0,0
Thaddeus Young,youngth01,F,73,33,6.8,13.2,0.514,0.1,0.4,0.233,0.518,1.4,2.2,0.644,2.4,6.6,9,1.8,1.5,0.5,1.9,2.5,15.1,0,0,0
Cody Zeller,zelleco01,C,73,24.3,3.2,6,0.529,0,0.1,0.1,0.53,2.4,3.2,0.754,1.9,4.3,6.2,1,0.8,0.9,0.9,2.8,8.7,0,0,0
Tyler Zeller,zellety01,C,60,11.8,2.3,4.8,0.476,0,0,,0.476,1.5,1.8,0.815,1,1.9,3,0.5,0.2,0.4,0.8,1.6,6.1,0,0,0
